movie_name,word_sum,token_sum
Unknown,13384,13116
Babel,4026,3964
Rust-and-Bone,8339,8413
Shes-Out-of-My-League,9770,10015
April-Fools-Day,3490,3392
Last-Tango-in-Paris,7896,7855
Ghost-Ship,3628,3805
Margin-Call,3178,3134
Inception,7526,7612
Precious,8069,8295
Magnolia,11820,11332
Starman,6250,6057
Crazylove,6857,7046
Rush-Hour,4944,4898
Warrior,2953,3093
Aladdin,94,102
Crime-Spree,4481,4592
Great-Gatsby-The,10184,9874
Ghostbusters-2,6796,6965
Station-West,6560,6454
Margaret,19217,19155
Day-the-Clown-Cried-The,7177,6767
Man-Who-Wasnt-There-The,7203,6967
Ferris-Buellers-Day-Off,9031,9306
Tin-Men,19557,19135
Looper,9012,9371
Watchmen,11697,12543
Chinatown,10273,10562
Withnail-and-I,11096,12207
Flash-Gordon,2604,2479
Pacifier-The,5919,5827
Reservoir-Dogs,5998,6200
V-for-Vendetta,5845,5960
Road-The,11001,11341
Cast-Away,5298,5420
Monte-Carlo,9902,10331
Strangers-on-a-Train,7592,7697
Sunset-Blvd,8621,8839
Syriana,7485,8043
Lord-of-Illusions,3446,3510
No-Country-for-Old-Men,0,0
Arcade,3512,3423
Game-6,4609,4801
Midnight-Cowboy,6264,6382
Notting-Hill,7743,7306
Human-Nature,7272,7470
Mud,13710,14620
Rebel-Without-A-Cause,4579,4640
Gladiator,4035,4049
Last-Samurai-The,4934,5037
Last-of-the-Mohicans-The,3316,3259
Bourne-Identity-The,4833,4350
Jason-X,2987,3040
Siege-The,11027,10738
Matrix-The,4770,4880
Friday-the-13th,1101,1114
Rachel-Getting-Married,5861,6104
Chasing-Amy,14359,14648
ParaNorman,7493,8068
American-President-The,13428,13889
Insidious,4437,4468
Nine,7264,7540
Devil-Wears-Prada-The,8500,8797
Body-Heat,7700,7679
Purple-Rain,4840,4724
American-Psycho,7960,8323
Jurassic-Park-The-Lost-World,2955,3018
Replacements-The,2800,2883
Blood-and-Wine,10969,11318
Beginners,8818,9143
Little-Nicky,4552,4671
Man-Who-Knew-Too-Much-The,7749,7949
Help-The,14826,16382
Roughshod,5559,5580
Lincoln-Lawyer-The,13815,14207
Hurt-Locker-The,6295,6407
How-to-Train-Your-Dragon,12299,13327
Gravity,5545,5646
Star-Trek-II-The-Wrath-of-Khan,3914,3978
Witness,3647,3687
Get-Carter,2840,2962
Hotel-Rwanda,7205,7650
Departed-The,9910,10169
Beavis-and-Butt-head-Do-America,4957,5110
Analyze-This,11132,11305
Horse-Whisperer-The,9806,9404
Angel-Eyes,8411,8161
Barton-Fink,6909,6706
Obsessed,6173,6234
Elephant-Man-The,9000,9009
Supergirl,4246,4328
All-About-Steve,13446,14167
Jennifer-Eight,7835,7620
Little-Athens,3831,3938
Secret-Life-of-Walter-Mitty-The,8341,8502
Juno,7001,7298
Hellraiser-Deader,3439,3370
No-Strings-Attached,11738,11918
Final-Destination-2,4419,4564
Traffic,6032,6168
Twilight,4010,3987
Big-White-The,4341,4282
Anastasia,1989,1888
Sherlock-Holmes,9149,9387
Cellular,12222,12782
Room,6611,6678
Frozen-River,4597,4686
Pet-Sematary-II,2670,2607
Nashville,2299,2287
After-School-Special,12790,13277
St-Elmos-Fire,11722,12233
Authors-Anonymous,2084,2146
Dune,4256,4120
Other-Boleyn-Girl-The,5658,5734
Office-Space,4933,5061
Solaris,2383,2438
True-Lies,4614,4660
Stir-of-Echoes,10276,10594
Getaway-The,3865,3829
Last-Station-The,4333,4474
Raising-Arizona,3310,3291
Midnight-Express,3957,3971
Unbreakable,4007,3993
1492-Conquest-of-Paradise,4797,4776
Excalibur,4702,4809
Long-Kiss-Goodnight-The,9171,9029
Miami-Vice,4239,4234
American-Werewolf-in-London,3932,4020
Barry-Lyndon,16495,17485
10-Things-I-Hate-About-You,3641,3803
Thing-The,2349,2290
Jerry-Maguire,10056,9932
Bruce-Almighty,12845,13169
Raging-Bull,11884,11985
Mechanic-The,11906,12009
Frozen-(Disney),7638,7582
New-York-Minute,11830,12227
Black-Rain,3027,3124
I-Spit-on-Your-Grave,9152,9674
Forrest-Gump,10744,11096
Dragonslayer,2826,2929
Sandlot-Kids-The,2376,2389
A-Most-Violent-Year,9353,9179
Kids,3852,4040
Mimic,2916,2929
Twilight-New-Moon,7839,7516
What-Lies-Beneath,6020,5950
Godfather-Part-III-The,6331,6837
Bad-Santa,4930,4894
Dances-with-Wolves,3415,3322
Bean,4703,4583
8MM,6728,6574
Revolutionary-Road,6844,6730
12-Monkeys,9547,9429
I-Am-Number-Four,11730,12379
Indiana-Jones-IV,4360,4062
Black-Snake-Moan,7842,7763
Scream,2904,2976
Bachelor-Party,5072,5057
Hunt-for-Red-October-The,6926,7650
Distinguished-Gentleman-The,16413,16983
Sense-and-Sensibility,4965,5338
Star-Wars-The-Empire-Strikes-Back,4236,4357
Master-and-Commander,5606,6007
Power-of-One-The,6939,7246
Capote,6387,6296
Shivers,2661,2741
Girl-with-the-Dragon-Tattoo-The,3513,3654
Cincinnati-Kid-The,7217,7245
Someone-To-Watch-Over-Me,4333,4242
Assignment-The,10554,10384
Broken-Embraces,5807,5774
X-Files-Fight-the-Future-The,4180,4220
Smashed,8615,8177
Erin-Brockovich,12806,12810
Speed-Racer,11008,11563
Breaking-Away,8096,8414
Whistleblower-The,6161,6222
American-Splendor,5431,5674
Devil-in-a-Blue-Dress,7502,7589
Chaos,5241,5300
Deep-Cover,6267,6404
Le-Diable-par-la-Queue,7164,7672
American-The,2251,2385
Life-of-David-Gale-The,5523,5660
Saw,2497,2498
Cirque-du-Freak-The-Vampires-Assistant,12401,13371
Highlander,3586,3812
Charade,8586,8242
Cherry-Falls,2726,2831
Rise-of-the-Guardians,3777,3957
Prestige-The,7237,7485
Seventh-Seal-The,3473,3564
Minis-First-Time,10901,11044
Point-Break,6741,6895
Nightbreed,0,0
Breakfast-Club-The,2798,2775
Hall-Pass,12864,13340
Her,9862,9903
Metro,6302,6368
Grifters-The,4618,4710
Gone-in-60-Seconds,6175,5620
Moon,1139,1164
Pulp-Fiction,7281,7751
When-a-Stranger-Calls,2231,2266
Total-Recall,3561,3457
Gangs-of-New-York,10828,11043
Things-My-Father-Never-Taught-Me-The,776,794
My-Week-with-Marilyn,11100,11939
Do-The-Right-Thing,2493,2636
Rear-Window,4877,4810
Citizen-Kane,12121,12344
Perfect-Creature,1993,2064
Alien-vs-Predator,2352,2408
Ugly-Truth-The,9956,10068
Eagle-Eye,15600,15423
Rocky-Horror-Picture-Show-The,2532,2654
As-Good-As-It-Gets,10947,10293
Frances,10733,10585
Malcolm-X,9656,10057
Fear-and-Loathing-in-Las-Vegas,12122,12309
Man-on-the-Moon,8267,8172
Tristan-and-Isolde,2092,2162
Pianist-The,2913,3081
Heat,6491,6699
Grand-Hotel,10379,9340
Sexual-Life,0,0
Tourist-The,2657,2668
Next-Friday,3274,3382
Bridesmaids,15885,16360
Quantum-Project,743,737
Larry-Crowne,6041,6435
Panic-Room,1356,1297
Tall-in-the-Saddle,6026,5839
American-Graffiti,5856,5967
Indiana-Jones-and-the-Raiders-of-the-Lost-Ark,3298,3391
Back-up-Plan-The,8028,8118
Dear-White-People,3850,3946
House-of-1000-Corpses,2721,2705
GI-Joe-The-Rise-of-Cobra,7663,7944
Aliens,3465,3550
Beasts-of-the-Southern-Wild,2703,2821
Garden-State,12358,12500
Dark-City,3257,3121
Extract,8929,8928
Up-in-the-Air,9276,9213
Legion,7480,7764
Sister-Act,8043,8115
X-Men-Origins-Wolverine,6378,7062
Little-Men,4206,4448
Imaginarium-of-Doctor-Parnassus-The,6623,6314
Hannah-and-Her-Sisters,8849,8760
Sweet-Smell-of-Success,11592,11516
Judge-Dredd,8971,9296
Hackers,4494,4694
Zootopia,7755,7923
Hospital-The,9132,9621
I-Love-You-Phillip-Morris,9520,9847
Donnie-Brasco,15541,16470
Klute,7980,7827
Lake-Placid,3952,3978
Tropic-Thunder,11609,12034
Win-Win,8477,8838
Chasing-Sleep,83,147
Lone-Star,4927,5121
Thor,9949,10513
Hellraiser-Hellseeker,4433,4442
Star-Wars-Return-of-the-Jedi,3428,3619
Wall-E,1500,1438
Escape-From-New-York,1903,2012
Big-Blue-The,5256,5114
Fast-Times-at-Ridgemont-High,4446,4495
Reader-The,3165,3236
Nick-of-Time,4902,4930
Leviathan,2603,2621
Go,4616,4726
Big-Lebowski-The,9337,9820
Newsies,12216,12017
Music-of-the-Heart,8213,8153
Tinker-Tailor-Soldier-Spy,3826,3987
JFK,25097,26573
Sugar,4025,4073
Easy-A,9344,9746
Wonder-Woman,6382,6404
Die-Hard-2,8375,8724
Get-on-Up,8533,8884
TRON,3387,3254
Broken-Arrow,10426,10960
Belle,5893,5966
Reindeer-Games,7229,7123
Face-Off,6039,5728
187,5758,5603
Fifth-Element-The,6672,6385
17-Again,6672,6873
Proposal-The,12436,13158
Dark-Star,1571,1628
Adaptation,6884,7130
Eastern-Promises,3160,3246
Blue-Velvet,6543,6663
Taxi-Driver,6084,6221
Sessions-The,7018,7140
Starship-Troopers,6917,6923
Burning-Annie,9531,9668
Source-Code,12328,12849
The-Rage-Carrie-2,8952,9397
ET,1,2
Descendants-The,10438,10685
LA-Confidential,5823,6227
Hitchcock,6388,6551
Bad-Boys,13412,13938
Break,201,189
Book-of-Eli-The,4882,4918
Sleepy-Hollow,4690,4705
Bad-Day-at-Black-Rock,2725,2673
Haunting-The,2082,2084
Casino,28844,29075
Taking-Sides,6708,7090
Very-Bad-Things,6173,6166
Living-in-Oblivion,5665,5800
Birdman,8031,8058
Affliction,5746,6007
Croupier,3976,4062
Shakespeare-in-Love,5884,6444
Ninotchka,14214,14180
Revenant-The,2948,3038
Death-at-a-Funeral,5566,5772
American-Gangster,6409,6575
Bad-Teacher,8833,9272
Gamer,1856,1824
Slither,3808,3860
Godfather-Part-II,10674,10905
American-Sniper,5797,5958
U-Turn,8820,8846
Godfather,6778,7119
Event-Horizon,3117,3129
Case-39,5420,5355
Avventura-L-(The-Adventure),5966,5747
Priest,10201,10520
Alien-Nation,6085,6058
Changeling,8744,8682
Get-Low,6432,6652
Custody,4804,4854
Boondock-Saints-2-All-Saints-Day,4717,4950
Ghostbusters,901,961
Brothers-Bloom-The,6130,6369
xXx,5728,5910
Paul,10495,11258
Hard-to-Kill,3803,3705
King-Kong,3980,3855
Miracle-Worker-The,686,740
Cobb,16333,16210
Basquiat,4504,4600
Jane-Eyre,8214,8756
Ronin,4561,4557
Pandorum,15063,15385
Blow,8355,8751
Ghost-and-the-Darkness-The,1765,1792
Ill-Do-Anything,10239,9869
Arbitrage,7686,7792
Wall-Street-Money-Never-Sleeps,15848,15747
Twin-Peaks,4816,4910
Avatar,5148,5220
Invention-of-Lying-The,8348,8349
Army-of-Darkness,9753,10421
Get-Out,3831,3745
Runaway-Bride,7516,7565
Mummy-The,4032,4195
Birthday-Girl,2231,2214
Les-Tontons-Flingueurs,7067,7658
In-the-Loop,5848,5923
Shifty,2468,2407
Doors-The,14412,14314
30-Minutes-or-Less,9650,9879
Ghost,5129,5392
Pariah,3653,3695
Truman-Show-The,5175,5173
Life,10060,10384
Star-Trek,8122,8014
50-50,6805,6971
Catch-Me-If-You-Can,11749,12191
Peeping-Tom,6962,5968
Kramer-vs-Kramer,6700,6608
Men-in-Black,4723,4883
Arthur,11950,12562
Nines-The,3478,3586
Major-League,5547,5850
My-Mother-Dreams-the-Satans-Disciples-in-New-York,1002,978
An-Education,6872,7034
Semi-Pro,12442,13062
From-Here-to-Eternity,14737,15039
Its-a-Wonderful-Life,14029,14116
Backdraft,7918,7905
Wild-At-Heart,11321,11519
Star-Trek-Nemesis,6089,6155
Perks-of-Being-a-Wallflower-The,6067,6165
Black-Swan,2785,2893
Valkyrie,4335,4502
Rocky,6930,6476
Antitrust,6626,6652
Evil-Dead,9,9
Yes-Man,8356,8654
Mirrors,4478,4307
Grapes-of-Wrath-The,9600,10189
Jennifers-Body,9572,10191
Rock-The,6483,6845
Fracture,10820,11203
Oceans-Twelve,4391,4546
Thirteen-Days,8590,8979
Patriot-The,6912,7084
Candle-to-Water,3364,3305
Crazy-Stupid-Love,7840,7896
Wind-Chill,2480,2416
Beasts-of-No-Nation,5878,6051
Crouching-Tiger-Hidden-Dragon,2836,2884
Ted,11720,12031
Kingdom-The,6349,6480
Confessions-of-a-Dangerous-Mind,8396,8678
12-and-Holding,2877,2909
Max-Payne,3040,3086
Shame,3553,3583
Bourne-Ultimatum-The,3524,3722
LEGO-Movie-The,6504,6675
Memento,4012,4017
Remember-Me,5656,5699
Swordfish,4940,5057
Flintstones-The,13252,13072
Blind-Side-The,9701,9887
World-is-not-Enough-The,3681,3719
Its-Complicated,10860,10550
Natural-Born-Killers,10244,10649
Chronicles-of-Narnia-The-Lion-the-Witch-and-the-Wardrobe,2095,2194
Fright-Night-(1985),12232,12901
Mission-Impossible,3770,3889
Dry-White-Season-A,12175,12635
Adjustment-Bureau-The,11225,11389
Liar-Liar,11341,11410
Last-Chance-Harvey,5677,5720
Field-of-Dreams,12288,12702
Willow,4766,5089
Cecil-B-Demented,6269,6799
Alone-in-the-Dark,2905,3016
Pleasantville,7233,6766
Spider-Man,5777,5444
Hannibal,8067,7570
Bull-Durham,9345,9298
Whos-Your-Daddy,7595,7913
Terminator-2-Judgement-Day,4300,4323
GI-Jane,6492,6494
Transformers-The-Movie,3654,3895
Annie-Hall,17128,16791
Grudge-The,1148,1134
Italian-Job-The,3147,3283
So-I-Married-an-Axe-Murderer,9144,9355
Warm-Springs,6559,6707
Day-of-the-Dead,3176,3264
Star-Wars-Attack-of-the-Clones,7435,7372
Searchers-The,6691,6225
Mr-Brooks,7070,7030
Cooler-The,4913,5013
Six-Degrees-of-Separation,17035,18180
Sideways,10932,11272
Way-Back-The,4645,4962
Green-Mile-The,6035,6169
Mission-Impossible-II,5440,5619
Shawshank-Redemption-The,9798,10159
Psycho,4452,4228
Edward-Scissorhands,1792,1828
Rush,5958,6050
My-Girl,5847,6076
Bad-Country,4697,4806
Henrys-Crime,9928,10272
Big-Fish,7907,8071
BlacKkKlansman,6367,6646
Hudsucker-Proxy-The,9285,8999
Shrek-the-Third,5610,5791
Jurassic-Park,5389,5674
Orphan,13893,14519
Year-One,11082,11652
Amityville-Asylum-The,5648,5818
Henry-Fool,6488,6717
White-Christmas,4011,4079
Verdict-The,7497,7177
Heavenly-Creatures,2770,2724
Moonstruck,5027,5180
Lost-Highway,2441,2305
Hangover-The,14495,14993
Terminator-Salvation,2205,2162
Up,4791,5108
Three-Men-and-a-Baby,18673,18543
I-Robot,5385,5418
Adventures-of-Buckaroo-Banzai-Across-the-Eighth-Dimension-The,4268,4506
2001-A-Space-Odyssey,6672,6872
Happy-Birthday-Wanda-June,6491,6838
Defiance,11023,11556
Anna-Karenina,7029,6673
Grabbers,4508,4750
American-Pie,4998,4970
Ordinary-People,8231,8136
Kundun,3811,4059
Pitch-Black,2367,2377
Pirates-of-the-Caribbean-Dead-Mans-Chest,4222,4324
Happy-Feet,4561,4313
Funny-People,17144,17629
Hesher,4321,4363
Curious-Case-of-Benjamin-Button-The,10450,9419
Oceans-Eleven,6638,6764
Sphere,4258,4288
Cliffhanger,3445,3296
A-Scanner-Darkly,5693,5842
Soldier,2339,2286
Fargo,6478,6571
Tomorrow-Never-Dies,7213,7226
A-Prayer-Before-Dawn,2036,1993
Three-Kings,4896,5096
Time-Machine-The,2132,2096
Batman-2,4188,4130
Blue-Valentine,4616,4545
Repo-Man,4081,4314
Gattaca,4991,5095
Jackie-Brown,11742,12227
Wild-Wild-West,6305,6285
August-Osage-County,10551,10777
Eternal-Sunshine-of-the-Spotless-Mind,9842,10012
Walk-to-Remember-A,3206,3179
Ice-Storm-The,5567,5530
Hitchhikers-Guide-to-the-Galaxy-The,6050,6046
Hes-Just-Not-That-Into-You,6154,6114
Ticker,2844,2846
Burlesque,14416,14787
Queen-The,5448,5511
Mr-Blandings-Builds-His-Dream-House,9909,9838
Fantastic-Four,4146,4060
Jaws,8455,8565
Monkeybone,5423,5456
Relic-The,5532,5912
Passengers,11477,11996
Scream-3,3713,3946
White-Jazz,7187,7617
Death-to-Smoochy,8004,8233
To-Sleep-with-Anger,6116,6253
Tamara-Drewe,5277,5571
All-the-Presidents-Men,9470,9678
Box-The,7615,7568
Interview-with-the-Vampire,8182,8302
Ni-vu-ni-connu,6205,6903
Cable-Guy,9567,9837
Big,251,246
Big-Eyes,11148,11382
Cider-House-Rules-The,6052,6062
Anonymous,5878,6058
Being-There,7769,7424
Manhattan-Murder-Mystery,18349,17762
Saving-Private-Ryan,10143,10698
Wizard-of-Oz-The,7649,7083
Hebrew-Hammer-The,5180,5535
Halloween,1840,1881
Escape-From-LA,1793,1882
Into-the-Wild,5025,5211
Light-Sleeper,4970,4882
Life-of-Pi,4103,4202
Predator,1076,1086
Rambling-Rose,10240,10488
Machine-Gun-Preacher,6054,6137
Sling-Blade,7391,7780
Water-for-Elephants,14271,14944
Dead-Poets-Society,6831,7176
Cars-2,7855,8097
28-Days-Later,3349,3316
Dawn-of-the-Dead,274,266
Clerks,12207,12502
King-of-Comedy-The,10254,10453
Star-Wars-The-Force-Awakens,10320,10740
Labor-of-Love,6031,5794
Freaked,6266,6780
Jay-and-Silent-Bob-Strike-Back,8869,9282
Eight-Legged-Freaks,2173,2191
Terminator,4151,4184
Malibus-Most-Wanted,10029,10456
Wonder-Boys,9320,9481
Misery,5452,5498
Jaws-2,4432,4410
From-Dusk-Till-Dawn,7207,7433
Damned-United-The,8549,8919
Beauty-and-the-Beast,4932,5096
Butterfly-Effect-The,5658,5779
Mrs-Brown,4236,4384
Kung-Fu-Panda,4452,4450
Into-the-Woods,8387,8563
Lord-of-the-Rings-Fellowship-of-the-Ring-The,3705,3971
Cell-The,3363,3454
Devils-Advocate,10845,10814
Mask-The,6749,6894
Cold-Mountain,6194,6296
Logan,5135,5309
Insomnia,3251,3381
Antz,3059,2985
Charlies-Angels,3642,3743
Ali,8185,8320
Alien-3,7160,7102
Wall-Street,15143,15248
Prometheus,2969,3039
Super-8,6626,6366
Nightmare-on-Elm-Street-A,3521,3497
Scarface,4659,4906
Carrie,2368,2366
Wag-the-Dog,17264,16497
Sicario,5325,5245
Grand-Theft-Parsons,5724,5873
Dallas-Buyers-Club,6614,6997
Serial-Mom,3931,4076
Heathers,7823,8203
Avengers-The-(2012),6424,6723
Sunshine-Cleaning,4367,4407
Wild-Bunch-The,8467,8395
Public-Enemies,9150,9833
Assassins,4101,4159
Boondock-Saints-The,6982,7097
Shrek,6617,6766
Pineapple-Express,10573,10754
Hills-Have-Eyes-The,5727,5848
Pride-and-Prejudice,8726,9327
Ghost-Rider,8839,9145
Pet-Sematary,4657,4806
Absolute-Power,3399,3177
Man-Trouble,12338,12460
Talented-Mr-Ripley-The,6401,6570
Zero-Dark-Thirty,7697,8203
Prophecy-The,6307,6306
Timber-Falls,1961,1957
Synecdoche-New-York,11576,12075
Kids-Are-All-Right-The,4982,4966
Bamboozled,10225,10802
Black-Panther,8171,8420
Margot-at-the-Wedding,4176,4243
Best-Exotic-Marigold-Hotel-The,7862,8326
Man-On-Fire,6074,6344
Being-John-Malkovich,6278,6653
Bonfire-of-the-Vanities,12564,12815
Good-Girl-The,1754,1824
Lincoln,9364,9858
Four-Rooms,5537,5566
Shining-The,4874,4948
Clash-of-the-Titans,8234,8802
Hollow-Man,2850,2954
Star-Wars-A-New-Hope,8389,8605
Pretty-Woman-(final-script),12575,12615
Scream-2,2996,3112
Drop-Dead-Gorgeous,3875,4002
Star-Wars-The-Phantom-Menace,203,227
High-Fidelity,14961,15118
Drive-Angry,8825,9283
Roommate-The,8686,9107
We-Own-the-Night,7855,7801
Day-the-Earth-Stood-Still-The,4949,4791
Pi,4121,4231
Fatal-Instinct,6243,5988
Agnes-of-God,5786,5624
Amelia,15385,15793
Knocked-Up,14970,15385
Alien,126,72
Meet-Joe-Black,7701,7585
Grosse-Point-Blank,4954,4907
Basic,12298,12816
Chronicle,6674,6790
Moneyball,13818,14398
Lost-in-Translation,2719,2670
Wild-Things,4892,5007
Program-The,8147,8495
Wild-Things-Diamonds-in-the-Rough,3120,3064
Final-Destination,3522,3369
Batman,4793,4716
9,180,141
Ed-Wood,11057,11276
Two-For-The-Money,12047,12268
Ringu,2906,3016
Dog-Day-Afternoon,8782,8559
Fabulous-Baker-Boys-The,12426,12425
Hudson-Hawk,4893,5041
Change-Up-The,16107,16591
Hellboy-2-The-Golden-Army,9038,9489
Surfer-King-The,4219,4384
Nightmare-on-Elm-Street-The-Final-Chapter,3546,3586
Horrible-Bosses,8202,8449
Hancock,6606,6630
44-Inch-Chest,4835,4036
Armageddon,74,68
127-Hours,4257,4377
Smokin-Aces,4031,4093
Philadelphia,9981,10140
Spartan,6985,6275
Gone-Baby-Gone,8355,8578
Limey-The,5082,5181
Next-Three-Days-The,3888,3898
Godzilla,4191,4277
Under-Fire,5974,5956
Lord-of-the-Rings-The-Two-Towers,3323,3564
Ruins-The,15734,16922
Fugitive-The,3953,4051
Slumdog-Millionaire,7102,7673
Silver-Bullet,3263,3356
Virtuosity,3724,3821
Men-Who-Stare-at-Goats-The,11781,12158
American-History-X,5076,5331
Inventing-the-Abbotts,3630,3627
Martha-Marcy-May-Marlene,1625,1654
Social-Network-The,13556,14116
Iron-Lady-The,6646,6851
Dumb-and-Dumber,9244,9545
Analyze-That,14532,14870
Kalifornia,4954,4768
Three-Musketeers-The,8544,9263
Private-Life-of-Sherlock-Holmes-The,8183,8458
Youth-in-Revolt,12220,13127
Jeux-Interdits,4797,5019
Kings-Speech-The,8662,9234
Badlands,2865,2813
Joker,4236,4282
How-to-Train-Your-Dragon-2,4616,4890
Bonnie-and-Clyde,5864,5961
Bad-Dreams,7188,6974
Whiteout,3218,3283
Wrestler-The,5222,5363
Ex-Machina,3110,2974
Crash,941,960
Theory-of-Everything-The,3869,3884
Signs,4172,4166
Stuntman-The,12366,12217
Star-Trek-Generations,4360,4233
Fault-in-Our-Stars-The,13179,13563
Even-Cowgirls-Get-the-Blues,5324,5641
Invictus,4402,4456
Straight-Outta-Compton,10266,10634
Heist,8868,8150
Disturbia,3653,3501
Body-of-Evidence,6345,6376
Mean-Streets,7076,6877
White-Ribbon-The,2993,3175
Hellboy,3747,3686
Save-the-Last-Dance,6785,7015
Game-The,6924,6814
White-Squall,5783,5841
I-Still-Know-What-You-Did-Last-Summer,2914,2902
Nightmare-Before-Christmas-The,2254,2362
Detroit-Rock-City,5507,5669
Love-and-Basketball,6317,6424
Taking-of-Pelham-One-Two-Three-The,12020,11796
Gods-and-Monsters,9091,9345
2012,4984,5024
Collateral-Damage,2746,2604
This-Boys-Life,15629,15999
Foxcatcher,4899,4840
Hellraiser,1740,1673
Mulholland-Drive,3492,3282
Silver-Linings-Playbook,10997,11269
Big-Sick-The,8583,8766
Hot-Tub-Time-Machine,9575,9834
Date-Night,11397,11913
My-Best-Friends-Wedding,9411,9318
15-Minutes,6157,6272
Apt-Pupil,861,896
Deep-Rising,2838,2718
Lord-of-War,7070,7358
RocknRolla,5163,5265
AfterLife,9707,10278
Spare-Me,3621,3830
Arctic-Blue,1745,1771
Five-Easy-Pieces,4712,4700
Gang-Related,7973,8028
Guardians-of-the-Galaxy-Vol-2,5129,5279
Amadeus,10091,10595
Crank,5161,4954
Jimmy-and-Judy,6972,7187
Austin-Powers-The-Spy-Who-Shagged-Me,7001,7439
In-the-Bedroom,10140,10364
John-Wick,1935,1880
Brick,5912,6167
Arsenic-and-Old-Lace,10206,10326
Space-Milkshake,9651,10638
Sex-and-the-City,11495,11022
Un-Singe-en-Hiver,9690,10979
Zerophilia,2348,2387
42,12067,12736
Serenity,7736,7894
Only-God-Forgives,5064,5000
Princess-Bride-The,4526,3089
La-La-Land,5324,5145
Les-Miserables,6023,6254
Petulia,7652,8148
Se7en,9697,9594
Coriolanus,9829,10771
A-Serious-Man,9505,10298
Bad-Lieutenant,4065,4169
Entrapment,4147,4224
Blade,3065,3041
Observe-and-Report,11722,12023
Thunderheart,5844,5953
Elizabeth-The-Golden-Age,6901,7203
Drive,3606,3459
American-Beauty,3259,3294
Mission-to-Mars,4191,4278
Finding-Nemo,9018,9626
Storytelling,2083,2117
You-Can-Count-On-Me,8676,8345
Rush-Hour-2,6841,7003
Boxtrolls-The,5678,5920
One-Flew-Over-the-Cuckoos-Nest,8336,8711
Red-Riding-Hood,6560,6942
Walking-Tall,1772,1869
Argo,5922,6230
Silence-of-the-Lambs,10097,10179
Milk,12073,12422
Inglourious-Basterds,15946,17287
Colombiana,3044,3054
Scott-Pilgrim-vs-the-World,12863,13560
Visitor-The,4722,4888
Glengarry-Glen-Gross,5017,4873
Bound,3145,3219
Confidence,15880,16630
Basic-Instinct,5044,5117
Blade-Runner,3132,3214
State-and-Main,7824,7522
Die-Hard,5993,5980
Shipping-News-The,5070,5200
Peggy-Sue-Got-Married,9927,10255
Gremlins-2,9881,10000
Graduate-The,8022,8059
Coco,8345,8328
Deer-Hunter-The,5431,5147
Interstellar,6106,6114
Flight,7053,7259
Last-Flight-The,8693,9066
Out-of-Sight,9585,9945
TRON-Legacy,5084,5318
Mighty-Joe-Young,3618,3517
Black-Dahlia-The,7255,7912
Amour,4189,4132
500-Days-of-Summer,7114,7019
Fair-Game,7346,7719
Little-Mermaid-The,322,325
Bling-Ring-The,3863,3899
Evil-Dead-II-Dead-by-Dawn,822,811
Trainspotting,279,294
Bounty-Hunter-The,7183,7261
American-Milkshake,6345,6626
Saving-Mr-Banks,11514,12416
Breakdown,4253,4283
Suspect-Zero,4711,4815
Mumford,7618,7366
Fletch,6467,6733
True-Grit,34,40
Cradle-2-the-Grave,5557,5430
Buried,8517,8699
Harold-and-Kumar-Go-to-White-Castle,13144,13734
Next,3731,3742
I-am-Sam,9756,10085
Salton-Sea-The,5157,5291
Mighty-Morphin-Power-Rangers-The-Movie,1840,1911
Machete,2544,2646
Dark-Knight-Rises-The,8615,8947
Birds-The,6265,6435
Sweeney-Todd-The-Demon-Barber-of-Fleet-Street,7607,7538
Producer-The,7898,8252
Braveheart,4357,4475
Midnight-in-Paris,7042,7264
Despicable-Me-2,4927,5095
South-Park,8034,8272
Crow-The,2236,2228
Snow-White-and-the-Huntsman,9799,10177
Snow-Falling-On-Cedars,6945,7138
Robin-Hood-Prince-of-Thieves,11627,12457
Honeydripper,4904,5250
Phone-Booth,10447,10542
Christ-Complex,2640,2639
Feast,2744,2772
Danish-Girl-The,3110,3009
Deadpool,6322,6580
RKO-281,7233,7463
Lock-Stock-and-Two-Smoking-Barrels,3855,3905
Last-Boy-Scout-The,17574,18509
Gandhi,10146,9920
Take-Shelter,8320,8890
Wild-Hogs,10957,11591
Hostage,5777,5997
Ghost-World,11780,11333
Kafka,4376,4192
War-for-the-Planet-of-the-Apes,3034,2833
Awakenings,6261,6296
Dave-Barrys-Complete-Guide-to-Guys,6103,6159
Rise-of-the-Planet-of-the-Apes,6072,6326
It,4284,4530
S-Darko,3801,3720
Sweet-Hereafter-The,3099,3188
Thor-Ragnarok,5332,5584
Bodyguard,14860,15345
A-Quiet-Place,318,248
Thunderbirds,3507,3765
Fighter-The,11835,13056
Shallow-Grave,4021,4038
Wanted,12242,12560
Croods-The,5107,5238
Bringing-Out-the-Dead,6165,6286
Gremlins,7053,7374
Killing-Zoe,3734,3721
Schindlers-List,6542,6567
Tin-Cup,9895,9692
While-She-Was-Out,2489,2582
Law-Abiding-Citizen,7713,7660
Strange-Days,9568,9718
Code-of-Silence,2157,2304
American-Shaolin-King-of-Kickboxers-II,6339,6473
Perfect-World-A,17580,18942
Anniversary-Party-The,5047,5179
Informant-The,21136,21542
Ides-of-March-The,6338,6184
Cruel-Intentions,6419,6673
TMNT,7218,7443
Hanna,6954,7521
Tombstone,7508,7791
All-the-Kings-Men,11549,11409
Abyss-The,5261,5291
Star-Trek-First-Contact,3097,3027
Oblivion,9164,9257
Battle-of-Shaker-Heights-The,5367,5553
Darkman,10389,10955
American-Hustle,12240,12641
Mute-Witness,2431,2389
Ed-TV,10745,10362
Simone,9080,8983
Pokemon-Mewtwo-Returns,1,0
Logans-Run,4231,4100
Family-Man-The,10233,9789
Believer-The,7287,7301
Blade-Trinity,2826,2841
Island-The,5203,5139
Freddy-vs-Jason,5001,4920
12-Years-a-Slave,7884,8400
Mad-Max-2-The-Road-Warrior,3115,3253
Losers-The,5530,5664
Martian-The,6668,6794
Jacobs-Ladder,8368,8542
Cedar-Rapids,9854,10320
War-Horse,3954,4028
Kill-Your-Darlings,3054,3139
Insider-The,10854,10652
Duck-Soup,6199,5851
Blood-Simple,864,773
Hellraiser-3-Hell-on-Earth,3362,3102
Above-the-Law,8719,9123
Airplane,3864,3918
A-Few-Good-Men,11144,11808
Surrogates,8553,9031
Queen-of-the-Damned,4372,4295
Gran-Torino,10487,11188
Django-Unchained,18921,20444
Man-in-the-Iron-Mask,5387,5518
Artist-The,8,8
Fight-Club,13242,12999
Diner,7355,7718
Indiana-Jones-and-the-Last-Crusade,4526,4676
Indiana-Jones-and-the-Temple-of-Doom,2899,2865
Hellbound-Hellraiser-II,1695,1681
Majestic-The-(The-Bijou),7347,7275
Limitless,8312,8136
Creation,4865,5081
Lord-of-the-Rings-Return-of-the-King,908,902
Ninja-Assassin,3696,3851
Groundhog-Day,12489,13068
Drag-Me-to-Hell,9610,10245
Single-White-Female,6428,6193
Coraline,3118,3053
Austin-Powers-International-Man-of-Mystery,6985,7440
Jacket-The,7102,7188
Airplane-2-The-Sequel,4904,5067
Being-Human,12898,11853
French-Connection-The,3455,3631
Election,9575,9781
Enough,8766,8838
Manhunter,9393,9550
Color-of-Night,12155,11800
Sting-The,5361,5726
City-of-Joy,13996,14701
Fantastic-Mr-Fox,7401,7970
Master-The,11686,11626
Burn-After-Reading,6834,6378
Deception,12457,12689
Prom-Night,2802,2812
Battle-Los-Angeles,8322,8848
Intolerable-Cruelty,8238,8411
Moonrise-Kingdom,2823,2870
Debt-The,3860,3882
Mariachi-El,839,849
Hard-Rain,1403,1412
Megamind,6615,6717
His-Girl-Friday,16329,16359
Superbad,9074,9234
Wolf-of-Wall-Street-The,12307,12962
Pirates-of-the-Caribbean,4482,4455
Twins,11473,11294
Good-Will-Hunting,8759,9045
Autumn-in-New-York,8895,8785
Apocalypse-Now,6989,6734
Friday-the-13th-Part-VIII-Jason-Takes-Manhattan,1957,1966
Piano-The,3189,3274
Men-in-Black-3,12456,12453
Postman-The,7379,7502
Boyhood,15869,15989
Double-Indemnity,10073,10403
Ladykillers-The,8688,8835
Marty,7293,7494
Fruitvale-Station,4344,4480
Woodsman-The,2543,2544
Beloved,10602,10531
