{"BOB ANDERS": {"raw_lines": "Carnival's bigger today. MARK LIJEK, 29, a consular officer, joins Anders at the window.Are these supposed to be bulletproof?Can we get some fucking police please?Iranians first. Go! Now!Keep going.Mmm. 50, 35.-- it was thirty seconds for Christ's sake. To get some air in the yard. I couldn't breathe --Who saw me go out?Miss Hall Monitor. Creeping around with her notebook --It's theater of the absurd.What was the objection to picking normal cover identities?We can't stand up to that. We don't know what the hell movie people do.I saw it in Burma. They get people out. They know how.They suspect something?What's the alternative? This is the ball game, J. What world are you living in?Who was it? Pat shakes her head.Robert Baker, director.Yes.I'm sorry?No.Toronto.Scorched earth policy tonight. Nothing gets left. Taylor comes in, drink in hand, thoughts heavy, looks at Tony.Or Canada?Two days ago.We were looking at locations to make a film. I'm the director. Immigration Officer pauses and looks up. Looks at the six other faces. He looks every bit as confrontational as Tony acted in rehearsal.", "clean_lines": "carnival s bigger today  mark lijek  29  a consular officer  joins anders at the window are these supposed to be bulletproof can we get some fucking police please iranians first  go  now keep going mmm  50  35    it was thirty seconds for christ s sake  to get some air in the yard  i couldn t breathe   who saw me go out miss hall monitor  creeping around with her notebook   it s theater of the absurd what was the objection to picking normal cover identities we can t stand up to that  we don t know what the hell movie people do i saw it in burma  they get people out  they know how they suspect something what s the alternative  this is the ball game  j  what world are you living in who was it  pat shakes her head robert baker  director yes i m sorry no toronto scorched earth policy tonight  nothing gets left  taylor comes in  drink in hand  thoughts heavy  looks at tony or canada two days ago we were looking at locations to make a film  i m the director  immigration officer pauses and looks up  looks at the six other faces  he looks every bit as confrontational as tony acted in rehearsal "}, "MARK LIJEK": {"raw_lines": "Well, they've never been tested.Nobody is coming. We need to go.Same thing. The sound of a fork on a glass. Ken Taylor is standing up.-- fifty-seven -- fifty-eight -- Mark counts out as Lee Schatz ds push-ups. Bob Anders watches a television in the b.g., subtitled in Farsi.A hundred and twelve --And we have a new champion. Bob Anders looks up from Khomeini, who keeps talking in the b.g., and applauds.What are the chances?What's the number value of \u0098good'? 30 percent chance of success? 80 percent?His opinion got us out of the embassy in the first place.He told them there were six of us. They're expecting six.Not that picture. You won't want to scare them. A nervous smile. Trying to deal with anxiety. J and Kathy Stafford look to each other. Sitting reading newspapers while the other Houseguests prep for the scout. The PHONE starts ringing.Timothy Harris, location manager.A film. Mark mimes turning the rotor of a movie camera. Komiteh #1 dsn't understand.", "clean_lines": "well  they ve never been tested nobody is coming  we need to go same thing  the sound of a fork on a glass  ken taylor is standing up    fifty seven    fifty eight    mark counts out as lee schatz ds push ups  bob anders watches a television in the b g   subtitled in farsi a hundred and twelve   and we have a new champion  bob anders looks up from khomeini  who keeps talking in the b g   and applauds what are the chances what s the number value of  good   30 percent chance of success  80 percent his opinion got us out of the embassy in the first place he told them there were six of us  they re expecting six not that picture  you won t want to scare them  a nervous smile  trying to deal with anxiety  j and kathy stafford look to each other  sitting reading newspapers while the other houseguests prep for the scout  the phone starts ringing timothy harris  location manager a film  mark mimes turning the rotor of a movie camera  komiteh  1 dsn t understand "}, "J STAFFORD": {"raw_lines": "-- We're not going out in this --Kathy dsn't want to go down again.You've washed them three times. He puts his arm on her shoulder. She keeps scrubbing.... every day they catch another friend of the shah at the airport. Kangaroo trials then firing squads. Just for having American names in their phone books. He puts the Iranian newspaper in front of Mendez.You've been here an hour and you're asking us to trust you with our lives, Mr. --Is that your real name? A beat.I'm serious, too. This is what?Snitches in banana republics. They get them over the border after the coup...-- even if they do. They find us here, we're not lying, we're just hiding. We go out there with fake passports, we're spies, period, execution.That man out there, he's got bad cards, he's gonna lose. If he loses, it's our lives.\u0098We are a nation of 35 million and... many of these people are looking forward to martyrdom.\u0098 Kathy Stafford looks into the room. J stops talking, looks up.She pleaded with me. Mark, looking to J. This is new.When it started in the streets nine months ago. She begged for us to leave. She packed our bags. I said, \u0098A little longer.' And what I was thinking was, \u0098This is a good thing for me. Stay. Show Newsom you've got the balls. Grab for the ring.'We won't do it.I don't trust you.The one where they're hanging people from construction cranes, Bob. J takes Kathy's hand and gs, leaving Mendez with the others. After a moment --I wish I could believe you, Mr. Harkins.Sean Bissett, associate producer.Producer.Uh... High and Dry.(nearly defeated,they go like this... whoooosh, hmm? They can fly... The people are just farmers, but they rise up and find their courage and defeat the alien king-- Mendez watches. It's a performance. The three young Komiteh are now wide-eyed, pointing, whispering in Farsi, like teenagers around a comic book. Azizi says something to another Komiteh in the room.", "clean_lines": "   we re not going out in this   kathy dsn t want to go down again you ve washed them three times  he puts his arm on her shoulder  she keeps scrubbing     every day they catch another friend of the shah at the airport  kangaroo trials then firing squads  just for having american names in their phone books  he puts the iranian newspaper in front of mendez you ve been here an hour and you re asking us to trust you with our lives  mr    is that your real name  a beat i m serious  too  this is what snitches in banana republics  they get them over the border after the coup      even if they do  they find us here  we re not lying  we re just hiding  we go out there with fake passports  we re spies  period  execution that man out there  he s got bad cards  he s gonna lose  if he loses  it s our lives  we are a nation of 35 million and    many of these people are looking forward to martyrdom   kathy stafford looks into the room  j stops talking  looks up she pleaded with me  mark  looking to j  this is new when it started in the streets nine months ago  she begged for us to leave  she packed our bags  i said   a little longer   and what i was thinking was   this is a good thing for me  stay  show newsom you ve got the balls  grab for the ring  we won t do it i don t trust you the one where they re hanging people from construction cranes  bob  j takes kathy s hand and gs  leaving mendez with the others  after a moment   i wish i could believe you  mr  harkins sean bissett  associate producer producer uh    high and dry  nearly defeated they go like this    whoooosh  hmm  they can fly    the people are just farmers  but they rise up and find their courage and defeat the alien king   mendez watches  it s a performance  the three young komiteh are now wide eyed  pointing  whispering in farsi  like teenagers around a comic book  azizi says something to another komiteh in the room "}, "MENDEZ": {"raw_lines": "Yeah. He listens for a moment, then sits up, suddenly wide- awake.Ten weeks State's sitting on this?Compromised?White House?Who else knows?Jesus Christ.Who's handling? They walk through a door and out of the Pit.They don't do exfils.Then why's he want me?You can send in training wheels and wait at the border with Gatorade. Attention turns to Mendez. O'Donnell shifts. Engell, not happy.It's 300 miles to the Turkish crossings. They'd need a support crew behind them with a tire pump.They get caught with journalist creds, you've got Peter Jennings with a noose around his neck in an hour. PAUL LAMONT, late 20s, a Master's from the Woodrow Wilson School before he joined CIA --The school was shut eight months ago. Bates, meanwhile, removing a binder from his accordion folder: in the binder, a photograph of an emaciated kid in Namibia.What do you see in the picture, sir? A beat. Pender dsn't like this, but he'll play.What's on the ground?So what crops are the do-gooders inspecting under Frosty? Pender shifts.Exfils are like abortions. You don't wanna need one, but when you do, you don't do it yourself. The meeting is breaking up. Pender, followed by Bates, leaves the room. Engell, who has just been made to look bad and inherited a problem, stops by Tony.Buddy-man.You do homework tonight?What was it? But Tony can hear a television soundtrack with ominous electronic music.What do I hear?What channel?Catch me up. Tony listens, staring ahead at the TV . A desert landscape dotted with technological garbage. An ape played by Roddy MacDowell walks across the landscape. He's staring at the television, but now really paying attention. The apes walk into the ruins of what was once a great city. RODDY MacDOWELL This is the hell my forefathers used to speak about.Hi. Sorry. Hi.They're a Canadian film crew on a location scout for a science fiction movie -- A shift in the room.Star Wars, Star Trek. They need an exotic place to shoot. We put it out -- the Canadian producers put it out -- that they're looking at Turkey, Egypt, whatever. Then we go to the consulate and say we wanna look at Iran. I fly in there and we fly out together as a film crew. Done.This is more plausible than foreigners who want to go to school in Iran --I've got a contact in L.A.What are you shooting?Any good?Who's the target audience?It's an exfil.Worst place you can think of.Six got away. They're hiding in the city. I'm going over to get them.I need you to help me make a fake movie.I need to set up a production company and build a cover around making a movie.No.That's right.No.Can you teach a guy how to be a director in a day?I'm the producer.... and past a hundred Komiteh at the airport.That's too soon.\u0098Fade in on starship landing. An exotic, Middle Eastern vibe. Women gather, offering ecstatic libations to the sky gods.'It's a space movie in the Middle East. Ds it matter? Chambers looks at the BULLSEYE logo on the cover page. Reacts.Why do we need the option?Is it the wrong day?One month.Kevin Harkins. Studio Six Films.You know Warren Beatty?You got kids, Lester?You see them much?Why's that?A son. Lives with his mother in Virginia.Taking time off. He's gotta... stay where he is.\u0098War' sounds like Star Wars. Let's use a different word. Mendez closes the door to his private office.I need another week.We've got a script. We've got business cards.We've got a poster. If I'm them? It's nothing we couldn't make at home.\u0098Biggest Canadian production in history.' Canadian Gone With TheAre you turning people away?Any way to make the chariots look more -- Middle-Eastern -- ?Iran. Kirby takes out a marker and starts to sketch a futuristic-looking desert glider.Tehran.Why'd he do it?It's a death sentence, Jack.How'd you always get around the pricks upstairs?I used your name. Jack looks to Tony.You can forget about that time- share in Ocean City, Jack.Yes, sir.Yes, sir.-- two, we think everybody knows Hollywood people. And everybody thinks they would shoot during Stalingrad with Pol Pot directing if it'd sell tickets.Barely claim me as it is.Just Christine. They don't need to look at one another. A shared understanding.Guess I should have brought some books to read in prison.We've got a green light. Chambers gives Siegel a thumbs-up.Keep the office running till you hear otherwise. (this means thankBusiness. Film production. The Consul Official looks at his Canadian passport.My boss waited until I was here to send the telex.Can't be right all the time.When'd you get back?Were you metal detecting?But you kept busy.So if they look, they'll know six people didn't come in with me.How's June?I'm sorry.Good. Yeah.Six more are joining me today. They're coming from Canada.The bazaar, maybe the palace.Mr. Ambassador.You're thinking of FBI, sir. They get into the car.I'll take care of that.A day to prep them with their cover stories. Two if they need it.The chances are good.There are no Canadians in the country for normal reasons.That's why I'm here. I'll be with you. This is what I do.This would be a first.Harkins.No.If we go, you need to leave immediately. There's aI don't know.Your cover identities were created specifically for each one of you. Mendez, now dressed to leave, is handing each Houseguest an envelope.What I need you to do is memorize everything inside. Who you are, what you are, where you've been. Cora Lijek looks at a document from inside her envelope. A union card for the Canadian Writers Guild with her picture on it.When we're done, you'll know these so well that you'll dream as these people. Mendez nods at them, and gs. The Houseguests look at what's inside their envelopes -- all except J Stafford, whose envelope remains sealed.\u0098The Minister of Culture and Guidance has approved your location scout.'\u0098He will send a representative to meet you and your crew at the Khayyam entrance to the Grand Bazaar tomorrow at 3 PM.'Or maybe they're cooperating.Seven Canadians, Jack.They're getting there.What I know is we need to act like a movie crew. We go to the bazaar today, we fly out tomorrow. Silent assent among the group. Then J Stafford, sitting with his wife, speaks up --I'm asking you to trust me.This one, how much? One day, how much?I promise you that if you will play along today, I will get you out tomorrow.My name is Tony Mendez. Mendez gs back out to the minivan. STAY WITH J and Kathy.Tell me who you are. This recalls attention from the windows.Let's make a movie.If I said you were looking through the wrong end of that viewfinder, would I be right? Lee turns the viewfinder around and looks through it again.She's the production designer. Her job is to take photographs. SHOPKEEPER getting more and more heated in Farsi.Nobody broke. At the door to the residence, Tony can see Pat Taylor, holding Sahar's hand, both looking spooked as the Houseguests come inside.Tomorrow they'll be ready. We start to hear the sound of the evening's call to prayer, amplified over a megaphone, in the distance.Where was your passport issued? Bob Anders dsn't know. ANGLES ON the Houseguests.Where were you born?Toronno like piranha. Canadians don't pronounce the T.If you're held for questioning, they'll bring in somebody who knows that.Last three Canadian prime minsters.Good. Your job on the film.Associate Producer. What's the name of the last film you worked on?Who paid for the movie?What's your middle name? J Stafford is silent. He looks down to consult the paper in front of him, but before he can, Mendez pulls the paper.He's an American spy. Shoot him. A beat on Stafford, frustrated --They'll try to break you by getting you agitated. You need to know your r\u00c3\u00a9sum\u00c3\u00a9 so well that you don't flinch.My story's the only thing between you and the gun to your head. A beat. Mendez puts the r\u00c3\u00a9sum\u00c3\u00a9 back in front of Stafford. Kathy looks at her husband: he just isn't good at this.Let's go again.What is it?I never would have exposed them if I wasn't authorized to take them out.They will be taken. Probably notWe're responsible for those people.I think the most important thing you can do to be ready for tomorrow is rest.So you know.Somebody is responsible for things when things happen, Jack. I am responsible.Good. And you two leave right now. Ken Taylor nods. Mendez shakes his hand.The first checkpoint is just to look at your passport.Your passports came straight from the Canadians, so you're gonna be fine.The second checkpoint --The second is immigration. You'll hand them these. They say you landed two days ago.These guys are bureaucrats left over from the shah. They can't be bothered to second-guess you.Third checkpoint is the trap.It's manned by Revolutionaries. Most of them were educated in the U.S. or Europe.They know how many \u0098T's are in Toronto.You can call our office. Mendez hands Azizi his card. STUDIO SIX FILMS. Kevin Harkins. A 213 phone number.Wha'd you say to her?He wants to fire me himself.If they push it a week, I can bring Ian. That's his winter break.They're gonna hand me an award, then they're gonna take it back?I thought we did. O'Donnell claps Tony on the shoulder. Tony walks towards the entrance and Jack heads to his car.Hi.", "clean_lines": "yeah  he listens for a moment  then sits up  suddenly wide  awake ten weeks state s sitting on this compromised white house who else knows jesus christ who s handling  they walk through a door and out of the pit they don t do exfils then why s he want me you can send in training wheels and wait at the border with gatorade  attention turns to mendez  o donnell shifts  engell  not happy it s 300 miles to the turkish crossings  they d need a support crew behind them with a tire pump they get caught with journalist creds  you ve got peter jennings with a noose around his neck in an hour  paul lamont  late 20s  a master s from the woodrow wilson school before he joined cia   the school was shut eight months ago  bates  meanwhile  removing a binder from his accordion folder  in the binder  a photograph of an emaciated kid in namibia what do you see in the picture  sir  a beat  pender dsn t like this  but he ll play what s on the ground so what crops are the do gooders inspecting under frosty  pender shifts exfils are like abortions  you don t wanna need one  but when you do  you don t do it yourself  the meeting is breaking up  pender  followed by bates  leaves the room  engell  who has just been made to look bad and inherited a problem  stops by tony buddy man you do homework tonight what was it  but tony can hear a television soundtrack with ominous electronic music what do i hear what channel catch me up  tony listens  staring ahead at the tv   a desert landscape dotted with technological garbage  an ape played by roddy macdowell walks across the landscape  he s staring at the television  but now really paying attention  the apes walk into the ruins of what was once a great city  roddy macdowell this is the hell my forefathers used to speak about hi  sorry  hi they re a canadian film crew on a location scout for a science fiction movie    a shift in the room star wars  star trek  they need an exotic place to shoot  we put it out    the canadian producers put it out    that they re looking at turkey  egypt  whatever  then we go to the consulate and say we wanna look at iran  i fly in there and we fly out together as a film crew  done this is more plausible than foreigners who want to go to school in iran   i ve got a contact in l a what are you shooting any good who s the target audience it s an exfil worst place you can think of six got away  they re hiding in the city  i m going over to get them i need you to help me make a fake movie i need to set up a production company and build a cover around making a movie no that s right no can you teach a guy how to be a director in a day i m the producer     and past a hundred komiteh at the airport that s too soon  fade in on starship landing  an exotic  middle eastern vibe  women gather  offering ecstatic libations to the sky gods  it s a space movie in the middle east  ds it matter  chambers looks at the bullseye logo on the cover page  reacts why do we need the option is it the wrong day one month kevin harkins  studio six films you know warren beatty you got kids  lester you see them much why s that a son  lives with his mother in virginia taking time off  he s gotta    stay where he is  war  sounds like star wars  let s use a different word  mendez closes the door to his private office i need another week we ve got a script  we ve got business cards we ve got a poster  if i m them  it s nothing we couldn t make at home  biggest canadian production in history   canadian gone with theare you turning people away any way to make the chariots look more    middle eastern     iran  kirby takes out a marker and starts to sketch a futuristic looking desert glider tehran why d he do it it s a death sentence  jack how d you always get around the pricks upstairs i used your name  jack looks to tony you can forget about that time  share in ocean city  jack yes  sir yes  sir    two  we think everybody knows hollywood people  and everybody thinks they would shoot during stalingrad with pol pot directing if it d sell tickets barely claim me as it is just christine  they don t need to look at one another  a shared understanding guess i should have brought some books to read in prison we ve got a green light  chambers gives siegel a thumbs up keep the office running till you hear otherwise   this means thankbusiness  film production  the consul official looks at his canadian passport my boss waited until i was here to send the telex can t be right all the time when d you get back were you metal detecting but you kept busy so if they look  they ll know six people didn t come in with me how s june i m sorry good  yeah six more are joining me today  they re coming from canada the bazaar  maybe the palace mr  ambassador you re thinking of fbi  sir  they get into the car i ll take care of that a day to prep them with their cover stories  two if they need it the chances are good there are no canadians in the country for normal reasons that s why i m here  i ll be with you  this is what i do this would be a first harkins no if we go  you need to leave immediately  there s ai don t know your cover identities were created specifically for each one of you  mendez  now dressed to leave  is handing each houseguest an envelope what i need you to do is memorize everything inside  who you are  what you are  where you ve been  cora lijek looks at a document from inside her envelope  a union card for the canadian writers guild with her picture on it when we re done  you ll know these so well that you ll dream as these people  mendez nods at them  and gs  the houseguests look at what s inside their envelopes    all except j stafford  whose envelope remains sealed  the minister of culture and guidance has approved your location scout   he will send a representative to meet you and your crew at the khayyam entrance to the grand bazaar tomorrow at 3 pm  or maybe they re cooperating seven canadians  jack they re getting there what i know is we need to act like a movie crew  we go to the bazaar today  we fly out tomorrow  silent assent among the group  then j stafford  sitting with his wife  speaks up   i m asking you to trust me this one  how much  one day  how much i promise you that if you will play along today  i will get you out tomorrow my name is tony mendez  mendez gs back out to the minivan  stay with j and kathy tell me who you are  this recalls attention from the windows let s make a movie if i said you were looking through the wrong end of that viewfinder  would i be right  lee turns the viewfinder around and looks through it again she s the production designer  her job is to take photographs  shopkeeper getting more and more heated in farsi nobody broke  at the door to the residence  tony can see pat taylor  holding sahar s hand  both looking spooked as the houseguests come inside tomorrow they ll be ready  we start to hear the sound of the evening s call to prayer  amplified over a megaphone  in the distance where was your passport issued  bob anders dsn t know  angles on the houseguests where were you born toronno like piranha  canadians don t pronounce the t if you re held for questioning  they ll bring in somebody who knows that last three canadian prime minsters good  your job on the film associate producer  what s the name of the last film you worked on who paid for the movie what s your middle name  j stafford is silent  he looks down to consult the paper in front of him  but before he can  mendez pulls the paper he s an american spy  shoot him  a beat on stafford  frustrated   they ll try to break you by getting you agitated  you need to know your r  sum   so well that you don t flinch my story s the only thing between you and the gun to your head  a beat  mendez puts the r  sum   back in front of stafford  kathy looks at her husband  he just isn t good at this let s go again what is it i never would have exposed them if i wasn t authorized to take them out they will be taken  probably notwe re responsible for those people i think the most important thing you can do to be ready for tomorrow is rest so you know somebody is responsible for things when things happen  jack  i am responsible good  and you two leave right now  ken taylor nods  mendez shakes his hand the first checkpoint is just to look at your passport your passports came straight from the canadians  so you re gonna be fine the second checkpoint   the second is immigration  you ll hand them these  they say you landed two days ago these guys are bureaucrats left over from the shah  they can t be bothered to second guess you third checkpoint is the trap it s manned by revolutionaries  most of them were educated in the u s  or europe they know how many  t s are in toronto you can call our office  mendez hands azizi his card  studio six films  kevin harkins  a 213 phone number wha d you say to her he wants to fire me himself if they push it a week  i can bring ian  that s his winter break they re gonna hand me an award  then they re gonna take it back i thought we did  o donnell claps tony on the shoulder  tony walks towards the entrance and jack heads to his car hi "}, "O'DONNELL": {"raw_lines": "The six of them went out a back exit. Brits turned them away, Kiwis turned them away. The Canadians took them in. They've been there since. O'Donnell hands Mendez pages with STAFF PHOTOGRAPHS of SIX PEOPLE -- the escaped embassy employees -- as he continues to toss stuff into his folder.Traffic calls them The Houseguests. Haven't left the Canadian ambassador's house since it happened.Just a matter of time. We've got Revolutionary Guards going door-to- door like Jehovah's Witnesses, looking for escapees. They're out for blood, Tony. Half of them think Khomeini's been too lenient with the ones in the embassy. Walking out of his office, Mendez following.Carter's shitting enough bricks to build the pyramids. He wants the six of them out.Just the families. Meanwhile, some genius in the embassy was keeping a mug book of everybody who worked there.We think it got shredded before they got in, but the fuckers have sweat-shop kids in there re- assembling the shreds.They're gonna make an example of the ones who escaped. Standing- room-only for beheadings in the square.State's coordinating in-house.They do now. They want to run it by us, strictly as consultants. Off his look.Engell's saying it's lose-lose. These people die, they die badly. Publicly. \u0098State wants the blame, he'll give it to them.So he can tell State he ran it by his best exfil guy. They stop in front of a conference room. Jack looks at him.Tony. This isn't the kind of meeting where you talk.Tony's an exfil spesh. He got a lot of the shah's people out after the fall.Is he coming? Engell nods for the door to be shut.Have a seat, Tony. He dsn't. There's an energy in him we haven't seen before.We want you to go to L.A. If you can make the movie thing credible, we'll take it to the Director. (a beat; a cigaretteThe Canadians are done. Say they're bearing too much risk.Foreign Secretary cornered Vance in Brussels and told him she's serving eviction papers. The Cardinal wants all cover options on his desk Friday morning.Engell's prepping the Bikes Option and the Teachers Option. You've got 72 hours to make yours better...They caught the shah's chief of security trying to get on a plane to Paris.\u0098Since the incident, the number of guards at the airport has doubled. Thorough background examinations should be expected.'You don't have it.He did it \u0098cause he did it.He saw a covert intelligence officer saying \u0098cheese' with R2- D2. They're going with the teachers.Well then it's on Engell.What did you do to get the meeting?Brace yourself. It's like talking to those two old fucks on \u0098The Muppets.' Vance and Turner enter the room without recognizing them. Mendez and O'Donnell stand up.One, there are no foreign teachers in Iran anymore --This is the best bad idea we have, sir. By far. Vance and Turner exchange looks.I'm required to remind you that if you're detained, the agency will not claim you.Your \u0098In Case Of's' good?Nah. They'll kill you long before prison. Tony gets out of the car, pulls his bags from the back seat, and slams the door. Headed into the airport.He got to the embassy. O'Donnell closes the door. Pender, wearing an undone tuxedo, as if he's just been pulled from a formal event. They stay standing.I can't tell you more than that \u0098cause I don't know any more.Mother of God.They called your bluff.N.E. says absolutely not. Seven Americans walking the bazaar, you're asking for a riot, it's theNever give them multiple shots at a cover. Are they even ready?Terrific. There's no prize for \u0098Most Improved.'Go to black on green. Jack's calling him here, so he knows something's wrong.Go to black on green. Mendez turns knobs on the satellite phone.It all just changed. They called the game. You've got to come back. ON Mendez, not believing what he's hearing.Joint Chiefs are planning a military rescue of the hostages in a month. Delta Force started training to storm the grounds. So if the six of them get brought down there, they won't be held for long.It's over, Tony.LISTEN TO ME. The thinking's changed. Six Americans get pulled out of a Canadian diplomat's house and executed, it's another world outrage. Six Americans get caught playing movie make-believe with the CIA at the airport and executed, it's a national embarrassment. They're calling the operation.Yeah.We need to confirm those seven tickets out of Tehran onI'm saying it's back on!What the fuck ds that mean?Where's Engell?Pull him out.It is going.Am I goddamn close?Where's the Director?Find White House Chief of Staff.We're a fucking SPY AGENCY! FINDWhere are his kids?Where do his kids go to school?Yes, it's Mr. Murphy calling from Pace Academy for Mr. Jordan... I'm afraid it IS an emergency...Jack O'Donnell from C.I.Tehran Houseguest operation is ready NOW. We don't have the President's go-ahead. They are going to be captured. Jordan stands up with the phone.Copy D.S.! Confirm the tickets!Get the L.A. office -- tell them to be ready in case they call.They should have boarded already.Wait.Involved in what? We're as surprised as anybody. Thank you, Canada. Jack raises a glass of Scotch and takes a drink.And I left my autograph book at home. His Eminence called me. He wants to see you.He wants to give you the Intelligence Star. You're getting the highest award of merit of the Clandestine Services of these United States. Ceremony's two weeks from today. Mendez stops walking. A beat.The op was classified so the ceremony's classified. He can't know about it. Nobody can know about it.If we wanted applause, we would have joined the circus.(yelling to Tony; anHe didn't say.", "clean_lines": "the six of them went out a back exit  brits turned them away  kiwis turned them away  the canadians took them in  they ve been there since  o donnell hands mendez pages with staff photographs of six people    the escaped embassy employees    as he continues to toss stuff into his folder traffic calls them the houseguests  haven t left the canadian ambassador s house since it happened just a matter of time  we ve got revolutionary guards going door to  door like jehovah s witnesses  looking for escapees  they re out for blood  tony  half of them think khomeini s been too lenient with the ones in the embassy  walking out of his office  mendez following carter s shitting enough bricks to build the pyramids  he wants the six of them out just the families  meanwhile  some genius in the embassy was keeping a mug book of everybody who worked there we think it got shredded before they got in  but the fuckers have sweat shop kids in there re  assembling the shreds they re gonna make an example of the ones who escaped  standing  room only for beheadings in the square state s coordinating in house they do now  they want to run it by us  strictly as consultants  off his look engell s saying it s lose lose  these people die  they die badly  publicly   state wants the blame  he ll give it to them so he can tell state he ran it by his best exfil guy  they stop in front of a conference room  jack looks at him tony  this isn t the kind of meeting where you talk tony s an exfil spesh  he got a lot of the shah s people out after the fall is he coming  engell nods for the door to be shut have a seat  tony  he dsn t  there s an energy in him we haven t seen before we want you to go to l a  if you can make the movie thing credible  we ll take it to the director   a beat  a cigarettethe canadians are done  say they re bearing too much risk foreign secretary cornered vance in brussels and told him she s serving eviction papers  the cardinal wants all cover options on his desk friday morning engell s prepping the bikes option and the teachers option  you ve got 72 hours to make yours better   they caught the shah s chief of security trying to get on a plane to paris  since the incident  the number of guards at the airport has doubled  thorough background examinations should be expected  you don t have it he did it  cause he did it he saw a covert intelligence officer saying  cheese  with r2  d2  they re going with the teachers well then it s on engell what did you do to get the meeting brace yourself  it s like talking to those two old fucks on  the muppets   vance and turner enter the room without recognizing them  mendez and o donnell stand up one  there are no foreign teachers in iran anymore   this is the best bad idea we have  sir  by far  vance and turner exchange looks i m required to remind you that if you re detained  the agency will not claim you your  in case of s  good nah  they ll kill you long before prison  tony gets out of the car  pulls his bags from the back seat  and slams the door  headed into the airport he got to the embassy  o donnell closes the door  pender  wearing an undone tuxedo  as if he s just been pulled from a formal event  they stay standing i can t tell you more than that  cause i don t know any more mother of god they called your bluff n e  says absolutely not  seven americans walking the bazaar  you re asking for a riot  it s thenever give them multiple shots at a cover  are they even ready terrific  there s no prize for  most improved  go to black on green  jack s calling him here  so he knows something s wrong go to black on green  mendez turns knobs on the satellite phone it all just changed  they called the game  you ve got to come back  on mendez  not believing what he s hearing joint chiefs are planning a military rescue of the hostages in a month  delta force started training to storm the grounds  so if the six of them get brought down there  they won t be held for long it s over  tony listen to me  the thinking s changed  six americans get pulled out of a canadian diplomat s house and executed  it s another world outrage  six americans get caught playing movie make believe with the cia at the airport and executed  it s a national embarrassment  they re calling the operation yeah we need to confirm those seven tickets out of tehran oni m saying it s back on what the fuck ds that mean where s engell pull him out it is going am i goddamn close where s the director find white house chief of staff we re a fucking spy agency  findwhere are his kids where do his kids go to school yes  it s mr  murphy calling from pace academy for mr  jordan    i m afraid it is an emergency   jack o donnell from c i tehran houseguest operation is ready now  we don t have the president s go ahead  they are going to be captured  jordan stands up with the phone copy d s   confirm the tickets get the l a  office    tell them to be ready in case they call they should have boarded already wait involved in what  we re as surprised as anybody  thank you  canada  jack raises a glass of scotch and takes a drink and i left my autograph book at home  his eminence called me  he wants to see you he wants to give you the intelligence star  you re getting the highest award of merit of the clandestine services of these united states  ceremony s two weeks from today  mendez stops walking  a beat the op was classified so the ceremony s classified  he can t know about it  nobody can know about it if we wanted applause  we would have joined the circus  yelling to tony  anhe didn t say "}, "TAYLOR": {"raw_lines": "-- Martin was the worst one. Martin the Maximo King --I read today that Tehran was voted the second most desirable city in the world to live in. Everywhere else tied for first.You should get into the crawl space.You're getting a visitor.Ken Taylor. He shakes Tony's hand and they start to walk to Taylor's car.I was expecting more of a G-Man look.These are blank, y'know. The stamps?How long?And you'll fly out with them? Tony nods. A distant sound of a crowd outside.There's something you should know. We think one of our housekeepers figured out who they are. We don't know if we can trust her. Now the noise outside is louder. Taylor turns to the window. Tony joins him.So sooner is better. They stand listening to the demonstration sounds, echoing over the rooftops of the city.We've got orders to close the embassy and go back. There's nowhere for them to stay.Pat and I discussed it. If they catch you at the airport, they come here and we go on trial for harboring the enemy. It's a risk we took. Can you pull this off?They drew you out there to take your picture.Kevin.If we tell them, they'll panic. It's better if you just don't show.It was always a fucked mission. You came closer than anybody else. Kathy and Cora are cracking each other up. No one sees Mendez take a bottle of Macallan from the table and put it in his bag.(to Gauthier, as he", "clean_lines": "   martin was the worst one  martin the maximo king   i read today that tehran was voted the second most desirable city in the world to live in  everywhere else tied for first you should get into the crawl space you re getting a visitor ken taylor  he shakes tony s hand and they start to walk to taylor s car i was expecting more of a g man look these are blank  y know  the stamps how long and you ll fly out with them  tony nods  a distant sound of a crowd outside there s something you should know  we think one of our housekeepers figured out who they are  we don t know if we can trust her  now the noise outside is louder  taylor turns to the window  tony joins him so sooner is better  they stand listening to the demonstration sounds  echoing over the rooftops of the city we ve got orders to close the embassy and go back  there s nowhere for them to stay pat and i discussed it  if they catch you at the airport  they come here and we go on trial for harboring the enemy  it s a risk we took  can you pull this off they drew you out there to take your picture kevin if we tell them  they ll panic  it s better if you just don t show it was always a fucked mission  you came closer than anybody else  kathy and cora are cracking each other up  no one sees mendez take a bottle of macallan from the table and put it in his bag  to gauthier  as he"}, "CHAMBERS": {"raw_lines": "If he could act he wouldn't be playing the Minotaur. He smiles and waves at the Minotaur and begins to work on his prosthetic with a brush and solvent.Hey, Tony.A monster movie.The target audience will hate it.People with eyes. Talk to me.From where?Universal City.How you getting in the embassy?What am I making?You've come to the right place.That we're not going to make.You want to go around Hollywood acting like you're an important person in the movie business.But you don't want to actually do anything.You'll fit right in.This one's got an M.A. in English. She should be your screenwriter. Sometimes they go on scouts \u0098cause they want the free meals. This guy's the director.You can teach a rhesus monkey to be a director in a day. Look, if you're gonna do it, you've got to do it. The Khomaniacs are fruit loops, but they have cousins selling eight tracks and prayer rugs on La Brea. You can't build cover stories around a movie that dsn't exist. You need a script. You need a producer.No, you're not. \u0098Associate' at best. If it's a twenty-million dollar Star Wars rip-off, you need somebody who's a somebody to put his name on it. Here we see some AUTOGRAPHED \u009870s CELEBRITY 8X10s hanging on the wall. The waiter brings a bill.Somebody respectable. With credits. Who we can trust with classified information. Who'll produce a fake movie. For free.Mazel tov, Lester.(to Lester, as heYou ever think, Lester, how it's all for the cameras?It's ancient Troy.Yeah, Kenny, please. It's John Chambers, about the office space.I did a movie with Rock Hudson once.You know her?\u0098Crane down over the battlefield and hold there...'Argo fuck yourself. They raise to that.(picking up theArgo fuck yourself.It's off. They want us to pack up the office. A beat on Lester. He's devastated but he's not showing it.Studio Six Films.He's out of the country on a location scout. Can I take a message?The quote's the other way around.Marx.Karl.It's in turnaround. He turns out the lights.", "clean_lines": "if he could act he wouldn t be playing the minotaur  he smiles and waves at the minotaur and begins to work on his prosthetic with a brush and solvent hey  tony a monster movie the target audience will hate it people with eyes  talk to me from where universal city how you getting in the embassy what am i making you ve come to the right place that we re not going to make you want to go around hollywood acting like you re an important person in the movie business but you don t want to actually do anything you ll fit right in this one s got an m a  in english  she should be your screenwriter  sometimes they go on scouts  cause they want the free meals  this guy s the director you can teach a rhesus monkey to be a director in a day  look  if you re gonna do it  you ve got to do it  the khomaniacs are fruit loops  but they have cousins selling eight tracks and prayer rugs on la brea  you can t build cover stories around a movie that dsn t exist  you need a script  you need a producer no  you re not   associate  at best  if it s a twenty million dollar star wars rip off  you need somebody who s a somebody to put his name on it  here we see some autographed  70s celebrity 8x10s hanging on the wall  the waiter brings a bill somebody respectable  with credits  who we can trust with classified information  who ll produce a fake movie  for free mazel tov  lester  to lester  as heyou ever think  lester  how it s all for the cameras it s ancient troy yeah  kenny  please  it s john chambers  about the office space i did a movie with rock hudson once you know her  crane down over the battlefield and hold there    argo fuck yourself  they raise to that  picking up theargo fuck yourself it s off  they want us to pack up the office  a beat on lester  he s devastated but he s not showing it studio six films he s out of the country on a location scout  can i take a message the quote s the other way around marx karl it s in turnaround  he turns out the lights "}, "SIEGEL": {"raw_lines": "Yeah, come in.Aaah, I'd rather stay home and count the wrinkles on my dog's balls. These fuckin' things are like getting measured for your coffin. \u0098He don't look so good. Let's give him an honorary award.'A little experiment. You be me hearing you. The TV we're watching sits in a room with a couple of Golden Globes and pictures of a younger Lester.Six people in the middle of a city of, what, four million -- ON TV, a wild-eyed woman in the crowd makes an ax- falling gesture with her arm repeatedly.-- who chant \u0098Death to America' all the livelong day. You wanna set up a picture in a week. Lie to a whole town of people who lie for a living. Have Double-O-Seven here sneak into a country that wants CIA blood with their breakfast cereal. Duck Iranian intelligence. Then walk the Brady Bunch out of the most watched city in the world...Look, I wanna help you but... In the Army, we did suicide missions that had better odds. So lemme hit it again for the cheap seats:They're getting the ratings, I'll give \u0098em that -- Siegel looks at the TV: at that moment, a HOSTAGE TAKER holding up photos of hostages for CAMERAS in front of him. He takes a beat.We're gonna need a script. A beat of silence. A LOOK from Siegel to Chambers.Nobody makes Westerns anymore.If it's got horses in the title, it's a Western.If I'm doing a fake movie, it's gonna be a fake hit.It's in turnaround. It's dog shit.You're worried about the Ayatollah? Try the WGA.He's only a prick if you catch him on the wrong day.It's always the wrong day. They've arrived at a door with a sign: MAX KLEINHe's the money.-- Till I read the Argo. Look, how \u0098bout we say fifteen thou and close on this?Naah, bullshit me, Max.Thank you. Very respectful.But see -- it worries me, what you said, and I'll tell you why. A couple weeks back I was sitting in Trader Vic's enjoying a Mai Tai when my pal Warren Beatty came to wish me well and we had a little chat. Seems he was attached to star in Zulu Empire -- which was gonna anchor that MGM slate -- but Warren confided in me that the picture's gone over-budget \u0098cause the Zulu extras wanna unionize.They may be cannibals swallowing each other up but they want health and dental, so the movie's kaput -- which means that MGM deal ain't gonna happen and your script ain't worth the buffalo-shit on a nickel. So. Lester takes some documents out of a folder.The way this looks to me -- through the cataracts, I grant you -- is that you can either sign here and take ten thousand for your toilet-paper script -- or you can go fuck yourself. Siegel smiles kindly and holds a pen and the contracts out to Klein. Klein takes them.I took a leak next to him at the Golden Globes.Two daughters.I talk to them once a year, maybe.I was a terrible father.You're divorced?-- press event and reading... No, I promised Variety exclusive on that one... Mendez is making a list with a PUBLICIST.I gotta get back to you, Phil. I can't get my own mother a ticket. I had to tell her it was cancelled.You know what gets more suckers than a sign that says \u0098Brooklyn Bridge For Sale'? \u0098Brooklyn Bridge: Approved Buyers Only.' Philip? You there? Chambers leads us into the main room, leading Tony to a table where JACK KIRBY, 62, comics artist, fusses with large COMIC PANELS of ARGO CONCEPT DRAWINGS spread over a table. Kirby starts to distribute storyboards. Some hold on to them and an ASSISTANT begins putting them up on the board. Mendez looks at them. Impressed. He picks up a drawing of some futuristic-looking vehicles.You're gorgeous. You're in the reading?Keep that fucking space witch away from me.I was married to her. Mendez, now talking to RODD, from VARIETY.The Argo, it's the, y'know, theNo.It means Argo fuck yourself.I made thirty pictures. Half of them the pricks upstairs tried to shut me down. Mendez finishes packing, zips up the bag.My ass is staying right here and running a movie company. Mendez stops zipping as Siegel takes a bottle of Jack and three shot glasses from a drawer.There's always another prick one floor higher up.Bad news, bad news, even when it's good news it's bad news. Christ. (a phone starts\u0098Til the dawn's early light.You wouldn't be me for long. I'mThey can wait. Let's go get a drink.I'm sorry, pally. We're just gonna be in the movie. Call my agent.It's history, is what it is. \u0098History plays out first as farce, then as tragedy.'Who said it?Groucho?She said, \u0098Why couldn't we pull off something like that?' You know what I said to her?I said, \u0098Argo fuck yourself.'", "clean_lines": "yeah  come in aaah  i d rather stay home and count the wrinkles on my dog s balls  these fuckin  things are like getting measured for your coffin   he don t look so good  let s give him an honorary award  a little experiment  you be me hearing you  the tv we re watching sits in a room with a couple of golden globes and pictures of a younger lester six people in the middle of a city of  what  four million    on tv  a wild eyed woman in the crowd makes an ax  falling gesture with her arm repeatedly    who chant  death to america  all the livelong day  you wanna set up a picture in a week  lie to a whole town of people who lie for a living  have double o seven here sneak into a country that wants cia blood with their breakfast cereal  duck iranian intelligence  then walk the brady bunch out of the most watched city in the world   look  i wanna help you but    in the army  we did suicide missions that had better odds  so lemme hit it again for the cheap seats they re getting the ratings  i ll give  em that    siegel looks at the tv  at that moment  a hostage taker holding up photos of hostages for cameras in front of him  he takes a beat we re gonna need a script  a beat of silence  a look from siegel to chambers nobody makes westerns anymore if it s got horses in the title  it s a western if i m doing a fake movie  it s gonna be a fake hit it s in turnaround  it s dog shit you re worried about the ayatollah  try the wga he s only a prick if you catch him on the wrong day it s always the wrong day  they ve arrived at a door with a sign  max kleinhe s the money    till i read the argo  look  how  bout we say fifteen thou and close on this naah  bullshit me  max thank you  very respectful but see    it worries me  what you said  and i ll tell you why  a couple weeks back i was sitting in trader vic s enjoying a mai tai when my pal warren beatty came to wish me well and we had a little chat  seems he was attached to star in zulu empire    which was gonna anchor that mgm slate    but warren confided in me that the picture s gone over budget  cause the zulu extras wanna unionize they may be cannibals swallowing each other up but they want health and dental  so the movie s kaput    which means that mgm deal ain t gonna happen and your script ain t worth the buffalo shit on a nickel  so  lester takes some documents out of a folder the way this looks to me    through the cataracts  i grant you    is that you can either sign here and take ten thousand for your toilet paper script    or you can go fuck yourself  siegel smiles kindly and holds a pen and the contracts out to klein  klein takes them i took a leak next to him at the golden globes two daughters i talk to them once a year  maybe i was a terrible father you re divorced    press event and reading    no  i promised variety exclusive on that one    mendez is making a list with a publicist i gotta get back to you  phil  i can t get my own mother a ticket  i had to tell her it was cancelled you know what gets more suckers than a sign that says  brooklyn bridge for sale    brooklyn bridge  approved buyers only   philip  you there  chambers leads us into the main room  leading tony to a table where jack kirby  62  comics artist  fusses with large comic panels of argo concept drawings spread over a table  kirby starts to distribute storyboards  some hold on to them and an assistant begins putting them up on the board  mendez looks at them  impressed  he picks up a drawing of some futuristic looking vehicles you re gorgeous  you re in the reading keep that fucking space witch away from me i was married to her  mendez  now talking to rodd  from variety the argo  it s the  y know  theno it means argo fuck yourself i made thirty pictures  half of them the pricks upstairs tried to shut me down  mendez finishes packing  zips up the bag my ass is staying right here and running a movie company  mendez stops zipping as siegel takes a bottle of jack and three shot glasses from a drawer there s always another prick one floor higher up bad news  bad news  even when it s good news it s bad news  christ   a phone starts til the dawn s early light you wouldn t be me for long  i mthey can wait  let s go get a drink i m sorry  pally  we re just gonna be in the movie  call my agent it s history  is what it is   history plays out first as farce  then as tragedy  who said it groucho she said   why couldn t we pull off something like that   you know what i said to her i said   argo fuck yourself  "}}