{"DANICA": {"raw_lines": "Night-time's too tricky, Grimwood. You know that.Cuneiform. Dates back about four thousand years.Because this was the cradle of civilization. He would've been comfortable here.What's he been doing?Hendrix, if he wanted to out of there - there isn't an army in the world that could keep us safe. We didn't capture him. He allowed us to take him in. You understand? Now open up.Your people need you, Sire.Times have changed. Science has made great strides. Your blood, the sacrament you provide -- it can set us free now.I understand.Let him out -- he wants to see what's become of his world.Hi. We're here to transfer a patient to County General?Easy, lover. You're not going anywhere.We moved the humans around like, pawns, Blade. Used them to flush you out.Don't make this any harder than it has to be. You're all alone, Blade. No one can help you now.King!Fucking Hannibal King!I should've ripped his ripped his bleeding heart out when I had the chance! And don't you dare tell me \"I told you so\"!Blow me.We can raze their cities to the ground. We can bring the old world back.I can't.That's impossible --Old habits --I was a good Catholic school girl Once.And what are your sins? Would you care to confess them?Why?Poor little King. You look so distraught.You're tasting a little bland, lover. Not getting enough fatty acids in your diet? Have you tried mackerel? Lake trout?Oh, there'll be time to play doctor later, believe me. But for now, we need to have a little talk. Tell us about this bio-weapon you've been building.You're brave, King, I'll give you that. But underneath all your swagger ---- I know what you really fear. What would hurt you more than anything else.You don't want to go back to being one of us -- -- do you?I'm going to bite you again, King. And then I'm going to leave you here while you turn. I'm going to watch you, day after day, while the Thirst keeps building and building. And then, when you can't stand it anymore ---- I'm going to bring the little girl for you to feed on. Would you like that, King? Would you enjoy taking her life?Now we're getting somewhere, my pet.Excuse me?Okay, King, where did they put this tracking node of yours?ENOUGH! It's not funny anymore!And what happens then, lover?KING!!!I was that bad, huh?No bullets in your gun, King.", "clean_lines": "night time s too tricky  grimwood  you know that cuneiform  dates back about four thousand years because this was the cradle of civilization  he would ve been comfortable here what s he been doing hendrix  if he wanted to out of there   there isn t an army in the world that could keep us safe  we didn t capture him  he allowed us to take him in  you understand  now open up your people need you  sire times have changed  science has made great strides  your blood  the sacrament you provide    it can set us free now i understand let him out    he wants to see what s become of his world hi  we re here to transfer a patient to county general easy  lover  you re not going anywhere we moved the humans around like  pawns  blade  used them to flush you out don t make this any harder than it has to be  you re all alone  blade  no one can help you now king fucking hannibal king i should ve ripped his ripped his bleeding heart out when i had the chance  and don t you dare tell me  i told you so  blow me we can raze their cities to the ground  we can bring the old world back i can t that s impossible   old habits   i was a good catholic school girl once and what are your sins  would you care to confess them why poor little king  you look so distraught you re tasting a little bland  lover  not getting enough fatty acids in your diet  have you tried mackerel  lake trout oh  there ll be time to play doctor later  believe me  but for now  we need to have a little talk  tell us about this bio weapon you ve been building you re brave  king  i ll give you that  but underneath all your swagger      i know what you really fear  what would hurt you more than anything else you don t want to go back to being one of us       do you i m going to bite you again  king  and then i m going to leave you here while you turn  i m going to watch you  day after day  while the thirst keeps building and building  and then  when you can t stand it anymore      i m going to bring the little girl for you to feed on  would you like that  king  would you enjoy taking her life now we re getting somewhere  my pet excuse me okay  king  where did they put this tracking node of yours enough  it s not funny anymore and what happens then  lover king   i was that bad  huh no bullets in your gun  king "}, "BLADE": {"raw_lines": "Whistler! I'm on the Stonebridge overpass at Clemons --Staked you with silver. Why aren't you ash?How should I know? He was human.Like I care?Didn't realize this was a popularity contest.You worry too much, old man.What you've been worrying about.WHISTLER!WHISTLER!!!Who --?Whistler --Those were familiars -- people who worked for them --An ass-hole.There's nothing to tell. They exist.You're with them -- a familiar --He's one of them! Damnit, he's working for them!Call me that again and I'll give you fucking brain damage.I can't shoot around corners!My sword. They still have it.Now we can go.Who are you people?I thought the vampires murdered Whistler's family.How do you bankroll this place?You sound like rejects from a Saturday morning cartoon.How many of you are there total?Sorry. Never been much of a team player.And what makes you think you know so much about killing vampires?Why?You gotta be kidding me.So the movies are true?How early?Why wake up Drake now?Like what?So what's been holding you back?Explosive rounds?How?Time to apply some pressure. The weak link in the vampire chain of command has always been their familiars. Vampires can't go out in the day, so they get humans to do their dirty work for them Blood-running, safe house maintenance, whatever -- We bleed the wanna-be vampires, they'll lead us to the real thing.Want another spin, ass-hole? Eventually, your head's gonna pop off.Who's your handler?Payback, Vance.Why did you kill Vance?I wouldn't know about that.How can you exist in the daylight?That's why they brought you back.You're not immortal. I must've heard a hundred of you people make the same claim. And every one of them's seen the end of my sword.What's that?-- and we need his blood to kill them. How's this weapon of yours coming along?There's something bad inside of me. This keeps it from getting out.Good question.We'll check it out.Doing a little moonlighting, Chief?C'mere. We need to talk.Now spill it, bite-boy.What's back there?Thanks.What's behind Door Number One?So will I. But I'll enjoy it more.What was this place?The vampire Final Solution.Look at this! Is this the future you want? You think there's a place for you in their world?There's me.Go. You've got thirty seconds.Let's go.Use it.Use it.USE IT!!!You alright?Don't let it turn inward.Where are you taking us?Been ready since the day I was born, mother-fucker.", "clean_lines": "whistler  i m on the stonebridge overpass at clemons   staked you with silver  why aren t you ash how should i know  he was human like i care didn t realize this was a popularity contest you worry too much  old man what you ve been worrying about whistler whistler   who    whistler   those were familiars    people who worked for them   an ass hole there s nothing to tell  they exist you re with them    a familiar   he s one of them  damnit  he s working for them call me that again and i ll give you fucking brain damage i can t shoot around corners my sword  they still have it now we can go who are you people i thought the vampires murdered whistler s family how do you bankroll this place you sound like rejects from a saturday morning cartoon how many of you are there total sorry  never been much of a team player and what makes you think you know so much about killing vampires why you gotta be kidding me so the movies are true how early why wake up drake now like what so what s been holding you back explosive rounds how time to apply some pressure  the weak link in the vampire chain of command has always been their familiars  vampires can t go out in the day  so they get humans to do their dirty work for them blood running  safe house maintenance  whatever    we bleed the wanna be vampires  they ll lead us to the real thing want another spin  ass hole  eventually  your head s gonna pop off who s your handler payback  vance why did you kill vance i wouldn t know about that how can you exist in the daylight that s why they brought you back you re not immortal  i must ve heard a hundred of you people make the same claim  and every one of them s seen the end of my sword what s that    and we need his blood to kill them  how s this weapon of yours coming along there s something bad inside of me  this keeps it from getting out good question we ll check it out doing a little moonlighting  chief c mere  we need to talk now spill it  bite boy what s back there thanks what s behind door number one so will i  but i ll enjoy it more what was this place the vampire final solution look at this  is this the future you want  you think there s a place for you in their world there s me go  you ve got thirty seconds let s go use it use it use it   you alright don t let it turn inward where are you taking us been ready since the day i was born  mother fucker "}, "KING": {"raw_lines": "Why'd the Polish vampire starve to death?He kept biting his own lip.Let's FLY, kemosabe!Don't die on me, you undead motherfucker!Whistler! We need that serum NOW!Hey Blacula, you ready to shake and bake?We're pinned down! Can't you do something?!Are you insane?! We're practically home free! We can't go hunting for your fucking butter-knife now!Hey! HEY!!! COME BACK HERE!!! This is supposed to be a rescue!Is he epic or what?So my entrance back there -- what do you think? Too flashy? Right on the money?My name's Hannibal King. I'm a hunter, like you. And this little hellion is Abigail Whistler.That's right, Blade. You're not hearing things. She's Whistler's daughter. You see, Abby, Dex, myself -- we're all part of Whistler's \"contingency plan\".Juicyfruit?Welcome to the honeycomb hideout.Internet porn. See, we're using cock suckers to pay for the blood-suckers. Joke. Come on, man. This isn't some piddly little hoopty-ass operation, Blade. We take our jobs very seriously.You met Dex. This is Hedges, Sommerfield--The runt you saw earlier is Sommerfield's daughter, Zoe. We call ourselves the Nightstalkers.We were gonna call ourselves the Super Friends, but that was taken.Enough. We operate in sleeper cells. When one goes down, a new cell activates to pick up the slack. Consider us your reinforcements.Well for starters, I used to be one. Do I pass the audition?You know the kind of woman that just screams trouble? You see her and every warning bell in your brain starts going off but you still ask for her number? Well that's all I ever hook up with. But this betty blew 'em all away in the shitstorm sweepstakes.Her name's Danica Talos. You met her earlier. The man on her left is Asher, her brother.The neanderthal behind them is Jarko Grimwood.I picked Danica up in a bar, had a one night stand with her -- then spent the next five years playing step-and-fetch-it as her little vampire cabana boy. Eventually Abigail found me. Sommerfield here managed to treat me with a cure. Now I kill them. That's called turning a frown upside down.He's real, Blade. Dig beneath all the movies and myths. All the layers of bullshit that've cluttered our culture for the last five hundred years and eventually you'll strike the truth.The movies are just a comforting fairytale compared to the real deal. There's no happy ending with this guy. Peter Cushing isn't going to run in at the last second and save the day with a cross and some holy water. See, good old Brain Stoker, he wrote a nice yarn. But the events he described in 1897 were only a tiny piece of the mosaic. The rea1 Dracula's origin goes back much earlier than that.Dracula's only one of the names he's gone by. Now they call him Drake. If you believe the legends, he was born in ancient Sumeria.Nobody really knows the specifics of his origin. But we do know this: he was the first of his kind. The patriarch of the hominus nocturna.Every single vampire -- every single monster that's walked the earth since then -- owes their existence to Him.He's like the Patient Zero of evil. The original Serpent in the Garden of Eden. And just like the Great White shark, he's never had to evolve. This guy was born perfect. Scour the history books ---- read between the lines ---- you'll find countless references to Him. Always mentioned, never named.He's been there ---- moving behind the scenes ---- cutting a bloody path through the Ages until suddenly ---- just like that ---- he up and disappeared. About a century ago the trail went cold. Then we heard a rumor. The vampires were searching for him -- trying to find the place where he'd retreated. According to our information, they found him in Iraq about six months ago. And he was pissed.When I was under the fang there used to be talk about some kind of vampire 'Final Solution'. But I could never figure out why they'd want to destroy their food source. I mean, seems stupid, right? They've always had plans for the human race. Seems likely that whatever they're cooking up, Drake's return is a part of it.Let's face it, Blade -- we're fighting a losing battle. So we kill a few hundred of them a year. Big deal. There are thousands of them out there. Maybe tens of th'usands. We need a new tactic.Think about it, Blade. We could wipe them all out in a single move.So. You want to join our club? Can we sign you up for a Nightstalkers secret decoder ring?But with a concentrated burst of UV light instead of your standard hollow-points. I call 'em sun dogs. Hedges -- super-size me, baby!This little mamacita -- a modified version of the Army's Objective Individual Combat Weapon. Pick your poison -- stakes, sun dogs, heat-seeking mini-rockets. Whatever gets you hard, this puppy will pump out. Of course it doesn't have the range of a sword but --We're still trying to sort out fact from fiction when it comes to Dracula. Turning into mist? Kinda doubt it. But general shape-shifting? Maybe.Question. Have you ever been laid, Hedges?She's making playlists. Likes to listen to MP3s when she hunts. Her own internal soundtrack, you know? Dark-core, trip hop, whatever kids these days are listening to. Me? I'm more of a Kenny G fan.Hey, Blade -- why didn't the vampire bite Mick Jagger? Cause you can't get blood from a Stone.Hey, they can't all be gems!Jesus, it's him! It's Drake!Shit!Jesus, it hurts. I wanna be a vampire again -- fuck! Did you see that guy?! We're gonna lose, man. We're gonna fucking lose.Hey, hey -- what'd the one lesbian vampire say to the other?-- see you in twenty-eight days --Hey, Blade -- say we're successful. Say we wipe the vampires out. What happens then? You ever ask yourself that? Somehow I don't picture you parked on a porch with a jigsaw puzzle.You get me those Fruit Roll-ups like I asked -- Dude. Aren't you dead?Back off, pooch --Jesus Christ!What the fuck?! WHAT THE FUCK?!?You made a goddamn vampire dog?!How about you take a sugar-frosted fuck off the end of my dick?I can tell you two things. Diddly. And shit. And diddly just left the building.Okay, here's the deal with the weapon - It's a new flavor crystal formula. Twice the chocolaty-goodness, half the calories. Plus, it helps prevent tooth decay ---- gonna be sorry you did that --Sure they are. Left a trail of digital bread crumbs --One thing you need to know about us Nightstalkers. When you join our club, you get this nifty little tracking node surgically implanted in your body --Scout's honor. One of us gets lost, the others just dial up the satellite and presto, instant cavalry.It's in my left ass-cheek --Alright. alright, it's in my right ass- cheek --No, seriously -- -- it's in the meat of my butt, right below my Bart Simpson tattoo ---- pull down my tighty-whities -- see for yourself.No, it's not, you horse-humping bitch -- -- but it will be a few seconds from now.Hammer time. See, that tickle in your throat you're feeling right now?That's atomized colloidal silver.It's being pumped into the building's air conditioning system.Which means that the fat lady should be singing right about ---- NOWNothing a hot tub full of Bactine won't fix.Drake's got her.Fuck. Me. Sideways.Bad dog.No offense, Danica -- -- but I've wanted to kill you since the moment we slept together.Yeah, but here's the beauty -- -- these babies can be triggered remotely.Evening Lucius.Just a little sport hunting.That's an interesting question, my friend. And I've got a question for you in return.What do you get when you cross a vampire with a werewolf?A fur coat that sticks to your neck.Don't you know fur is murder?", "clean_lines": "why d the polish vampire starve to death he kept biting his own lip let s fly  kemosabe don t die on me  you undead motherfucker whistler  we need that serum now hey blacula  you ready to shake and bake we re pinned down  can t you do something  are you insane   we re practically home free  we can t go hunting for your fucking butter knife now hey  hey    come back here    this is supposed to be a rescue is he epic or what so my entrance back there    what do you think  too flashy  right on the money my name s hannibal king  i m a hunter  like you  and this little hellion is abigail whistler that s right  blade  you re not hearing things  she s whistler s daughter  you see  abby  dex  myself    we re all part of whistler s  contingency plan  juicyfruit welcome to the honeycomb hideout internet porn  see  we re using cock suckers to pay for the blood suckers  joke  come on  man  this isn t some piddly little hoopty ass operation  blade  we take our jobs very seriously you met dex  this is hedges  sommerfield  the runt you saw earlier is sommerfield s daughter  zoe  we call ourselves the nightstalkers we were gonna call ourselves the super friends  but that was taken enough  we operate in sleeper cells  when one goes down  a new cell activates to pick up the slack  consider us your reinforcements well for starters  i used to be one  do i pass the audition you know the kind of woman that just screams trouble  you see her and every warning bell in your brain starts going off but you still ask for her number  well that s all i ever hook up with  but this betty blew  em all away in the shitstorm sweepstakes her name s danica talos  you met her earlier  the man on her left is asher  her brother the neanderthal behind them is jarko grimwood i picked danica up in a bar  had a one night stand with her    then spent the next five years playing step and fetch it as her little vampire cabana boy  eventually abigail found me  sommerfield here managed to treat me with a cure  now i kill them  that s called turning a frown upside down he s real  blade  dig beneath all the movies and myths  all the layers of bullshit that ve cluttered our culture for the last five hundred years and eventually you ll strike the truth the movies are just a comforting fairytale compared to the real deal  there s no happy ending with this guy  peter cushing isn t going to run in at the last second and save the day with a cross and some holy water  see  good old brain stoker  he wrote a nice yarn  but the events he described in 1897 were only a tiny piece of the mosaic  the rea1 dracula s origin goes back much earlier than that dracula s only one of the names he s gone by  now they call him drake  if you believe the legends  he was born in ancient sumeria nobody really knows the specifics of his origin  but we do know this  he was the first of his kind  the patriarch of the hominus nocturna every single vampire    every single monster that s walked the earth since then    owes their existence to him he s like the patient zero of evil  the original serpent in the garden of eden  and just like the great white shark  he s never had to evolve  this guy was born perfect  scour the history books      read between the lines      you ll find countless references to him  always mentioned  never named he s been there      moving behind the scenes      cutting a bloody path through the ages until suddenly      just like that      he up and disappeared  about a century ago the trail went cold  then we heard a rumor  the vampires were searching for him    trying to find the place where he d retreated  according to our information  they found him in iraq about six months ago  and he was pissed when i was under the fang there used to be talk about some kind of vampire  final solution   but i could never figure out why they d want to destroy their food source  i mean  seems stupid  right  they ve always had plans for the human race  seems likely that whatever they re cooking up  drake s return is a part of it let s face it  blade    we re fighting a losing battle  so we kill a few hundred of them a year  big deal  there are thousands of them out there  maybe tens of th usands  we need a new tactic think about it  blade  we could wipe them all out in a single move so  you want to join our club  can we sign you up for a nightstalkers secret decoder ring but with a concentrated burst of uv light instead of your standard hollow points  i call  em sun dogs  hedges    super size me  baby this little mamacita    a modified version of the army s objective individual combat weapon  pick your poison    stakes  sun dogs  heat seeking mini rockets  whatever gets you hard  this puppy will pump out  of course it doesn t have the range of a sword but   we re still trying to sort out fact from fiction when it comes to dracula  turning into mist  kinda doubt it  but general shape shifting  maybe question  have you ever been laid  hedges she s making playlists  likes to listen to mp3s when she hunts  her own internal soundtrack  you know  dark core  trip hop  whatever kids these days are listening to  me  i m more of a kenny g fan hey  blade    why didn t the vampire bite mick jagger  cause you can t get blood from a stone hey  they can t all be gems jesus  it s him  it s drake shit jesus  it hurts  i wanna be a vampire again    fuck  did you see that guy   we re gonna lose  man  we re gonna fucking lose hey  hey    what d the one lesbian vampire say to the other    see you in twenty eight days   hey  blade    say we re successful  say we wipe the vampires out  what happens then  you ever ask yourself that  somehow i don t picture you parked on a porch with a jigsaw puzzle you get me those fruit roll ups like i asked    dude  aren t you dead back off  pooch   jesus christ what the fuck   what the fuck   you made a goddamn vampire dog  how about you take a sugar frosted fuck off the end of my dick i can tell you two things  diddly  and shit  and diddly just left the building okay  here s the deal with the weapon   it s a new flavor crystal formula  twice the chocolaty goodness  half the calories  plus  it helps prevent tooth decay      gonna be sorry you did that   sure they are  left a trail of digital bread crumbs   one thing you need to know about us nightstalkers  when you join our club  you get this nifty little tracking node surgically implanted in your body   scout s honor  one of us gets lost  the others just dial up the satellite and presto  instant cavalry it s in my left ass cheek   alright  alright  it s in my right ass  cheek   no  seriously       it s in the meat of my butt  right below my bart simpson tattoo      pull down my tighty whities    see for yourself no  it s not  you horse humping bitch       but it will be a few seconds from now hammer time  see  that tickle in your throat you re feeling right now that s atomized colloidal silver it s being pumped into the building s air conditioning system which means that the fat lady should be singing right about      nownothing a hot tub full of bactine won t fix drake s got her fuck  me  sideways bad dog no offense  danica       but i ve wanted to kill you since the moment we slept together yeah  but here s the beauty       these babies can be triggered remotely evening lucius just a little sport hunting that s an interesting question  my friend  and i ve got a question for you in return what do you get when you cross a vampire with a werewolf a fur coat that sticks to your neck don t you know fur is murder "}}