{"CHRIS": {"raw_lines": "Drillin' some post holes into concrete ...Cash. Put \"Jack's Fencing\" on the receipt.Yeah. Take it easy.Their response time?That's it.I squared the bookies and we had to pay off some guy and were short to start 'cause the rest is comin', in a coupla days. So don't sweat it. We're late.Don't worry about money. Neil's got... Hey, if we're goin', let's go.Here comes the \"showgirl with a future\" bit.The hell's that mean?I told you: me and Neil got planned ...Don't mouth off to me!Well there's the fucking door! Only leave Dominick, the bank book and the car keys on the kitchen table!I'll find ya and kill you, you bitch, wherever you are - you ever try to take Dominick away from me.When you going to get some furniture?My mouth tastes like a sewer.Charlene's going to leave me.There ain't no steaks in the freezer.Last trip to Vegas and the Superbowl took care of that. When you gonna get an old lady?Nothing regular.No.Yeah, I'm sure.Jimmy Banghart. And to hell with Jimmy Banghart. I'd rather go ten rounds with Jesus Christ than fuck with her. But she and Dominick save my life, man; everyday. Everyday...So.What about the platinum? It's ready to fall ...Yeah. Towner delivered. They're in the drop.I'm going to punch it... What do we do about Van Zant?Kelso?You okay?Makin' it happen this time...Let me have it!I'm 60 seconds away. It's a rat or something.We need the cash!!Maybe it's only the EMA score, not us.No.Without the platinum how do we buy the bank score?For me, the bank's worth the stretch. I say accept the risk, stay.What the fuck do we do now?Cause we bypassed all the alarms last night. For you this whole gig is a slow cruise down Hawthorne...Charlene? Get her out!Who...I'm not flying. I'm drivin'.How you getting around?A girl on the side?So long, brother.Any of you guys know anything for rent around here?", "clean_lines": "drillin  some post holes into concrete    cash  put  jack s fencing  on the receipt yeah  take it easy their response time that s it i squared the bookies and we had to pay off some guy and were short to start  cause the rest is comin   in a coupla days  so don t sweat it  we re late don t worry about money  neil s got    hey  if we re goin   let s go here comes the  showgirl with a future  bit the hell s that mean i told you  me and neil got planned    don t mouth off to me well there s the fucking door  only leave dominick  the bank book and the car keys on the kitchen table i ll find ya and kill you  you bitch  wherever you are   you ever try to take dominick away from me when you going to get some furniture my mouth tastes like a sewer charlene s going to leave me there ain t no steaks in the freezer last trip to vegas and the superbowl took care of that  when you gonna get an old lady nothing regular no yeah  i m sure jimmy banghart  and to hell with jimmy banghart  i d rather go ten rounds with jesus christ than fuck with her  but she and dominick save my life  man  everyday  everyday   so what about the platinum  it s ready to fall    yeah  towner delivered  they re in the drop i m going to punch it    what do we do about van zant kelso you okay makin  it happen this time   let me have it i m 60 seconds away  it s a rat or something we need the cash  maybe it s only the ema score  not us no without the platinum how do we buy the bank score for me  the bank s worth the stretch  i say accept the risk  stay what the fuck do we do now cause we bypassed all the alarms last night  for you this whole gig is a slow cruise down hawthorne   charlene  get her out who   i m not flying  i m drivin  how you getting around a girl on the side so long  brother any of you guys know anything for rent around here "}, "HANNA": {"raw_lines": "Can't. Bosko's waiting..Hi, sweetie.No school today?He gonna show? Or the son of a bitch gonna stand her up like last time?I'm out of time...Where's the ambulance?What about the crash, the white towtruck.I.D. anybody? Plate? Description?What about them?Oh, that was smart.\"Slick?\"'Cause they had no time, cause they knew our response time, cause they were on our air.Yeah. Their m.o. is that they are good. Once it escalated into a Murder One beef for all of them after they killed the first two, they popped guard number three 'cause it didn't rake any difference anymore, so why leave a living witness? Drop of a hat? They'll rock and roll. Also: the way they went into the side indicates they are equipped to go in on the prowl. So also start looking for recent highline burgularies that have 'mystified' us. Run the \"slick\" bit to the FBI and see what it kicks out.Split the fences. I'll take Cuzomano and Torena. You take the East side. Go through the tapes of who we been listening to. Hang in with Forensics on all physical evidence. How'd they know the route of the van and what it was carrying? Does Gage print the day's routes? What do they do with the printouts? Who collects their trash? Run makes on all their middlemanagement. Did someone give this score up? Check the three guards. See if one of them was a tipster.Out-of-town. Frankly, I hope they are scoring once and passing through. And I doubt it.This look like boosters working the local Seven Eleven to you? It goes to Major Crime. Go to work.Bobby, it's me.Albert Torena call me back?Hi.Work. Harvey show or'd Lauren get stood up again?What an asshole. She okay?There's three dead bodies in an alley off Adams. I'm really sorry the lamb got overcooked.Looking after her is tired. Very tired. He doesn't know why he said what he did. He regrets it. So he turns on his TV to watch the news and his eyes glaze over.You were supposed to get back to me last night. So where the fuck were you, Albert?I oughta violate your ass right now.You're a bust-out speed freak jackin' metamphetamine again. I'm in a hurry.No. Right now.You be there, too.Be there!Whaddaya hear, whaddaya say?.About this crew that knocked down three guards yesterday and took a Gates Armored truck. Bearer Bonds. Start making calls.Ridin' the airwaves. On every news channel. Turn on a fucking radio! Try to broker the Bonds. Make some money. Then you'll shift into Flip-o-matic and tell me who they are. And what they are doing next.Gimme all your money!Ain't gonna be you, mo-fo.You holdin'?What do you got?...lookin' for me to rid you of your competition?You got something to say, or what?I'm not your 'carnal, you little motherfucker. And you 'know' 'cause I say so... after I hear what you got to tell me!You can get killed ... walking down the street...Yeah?What's wrong with you? You drag me here to waste my time like this? You saw a guy on the street... who's an ex-con?...what do you expect for that? A Junior G-Man badge?Are you kidding?What?You said \"slick.\"Tell me about him...What's his ... name..Who else have I got?Bob, get on the house.24 hour surveillance, title search, the works. Drucker and Casals bug the car and whatever else we need, remembering it won't be evidentiary. When he moves or sits - like in a restaurant.I want pictures of who he moves and sits with. Then run makes on them and their cars. They got jackets? I want to see who they move and they sit with and give them the same treatment. Bosko. Work the neighborhood. Tail the wife. Look for a drop that could garage a work car and tools. That's it.Conference him in. Yeah? Richie?How old?How'd she die, Richie?Who are they?What the hell are they doin' here?Oh, this is nice.Homicide getting anywhere?A goddamn convention.Who's the big guy?Next time this crew scores? When they walk in that door? They will get the surprise of a lifetime.Nothing. Clear the air.Fell back to see if the alarm bypasses held. If they did, they'll be back. Stay the fuck off the radio!Quiet! !Let 'em go.Let em go. We got nothing! Not even a burglary. They didn't fucking steal anything yet. Don't you get it? All we've got's breaking and entry.The fuck you aren't! That's exactly what you are gonna do. It's my investigation. And my authority supersedes your rank! And I am not settling for some chicken shit misdemeanor!Back to work.You go back to Newark on a New Jersey warrant for smuggling cigarettes up from North Carolina three years ago or you go to work for us. Cut and dried. That...is...it.Charlene Shiherlis.Who has to. You're onna plane to New Jersey, jagoff.'Cause she's got a great ass and you goT your head all the way up it.So it's no big thing. I don't even want her. You can have her, after. I want her husband and all his buddies; that's all. And you're gonna help.What are they taking down out here?What's's that down there?Maybe they're gonna steal the hub caps ...A billboard. Oil pumps. What the hell's goin' on?I got an idea what they're looking at. You know what they're looking at?Is that guy something; or is that guy something? I mean, you gotta give this crew credit. They are so fucking good... Know what he's looking at?Us. The L.A.P.D. The Police Department. We just got made...Justine?Where we going?Where are you going?You know I'm on you. Let's talk.Seven years in San Quentin. In the hole for three. McNeil before that.Was McNeil as tough as they say?You looking to go back? I chased some crews, the guys were lookin' to fuck up and get busted back.I worked all kinds.No, I do not.Then don't take down scores.You never wanted a normal-type life?That's part of it.No. My wife spends half her time on the couch. My stepdaughter's got problems 'cause her real father's a world class asshole. And every moment I got, I'm chasing guys like you.What are you, a monk?What do you tell her?And if you spot me around the corner. You gonna walk out on her? Leave her flat? Like that? Not even say goodbye?What you're left with is pretty empty.I don't know how to do anything else.And I don't much want to.We're sitting here like a coupla regular fellas. You do what you do. I do what I gotta do. What happens if I am there and I got to put you away? I won't like it. But, if it's between you and some poor bastard whose wife you're going to make into a widow, brother, you are gonna go down. 'Cause you don'thave to be there. You coulda gone and been a... a mailman.Maybe it'll happen that way. Or who knows ...Can we have the bill.What?I was just with him!Whattaya mean, \"they dumped us\"?!Cerrito?Locators on their cars?!They dumped all our tails?!!I had coffee with McCauley half an hour ago. What happened?Does anybody have Any idea where the fuck these people are at? 'Cause whatever they are gonna do, they are doing it right now!Left flanking fire. street.Get down! Get downThis is Hanna! Come in...You stick with the Charlene Shiherlis piece.Maybe Chris or Neil will come for her. Frankly, I doubt it. You work Neil's transport from here on the phones.And now he's gotta get a new one! Would you trust it after this afternoon? Someone, somewhere's agenting it for him. That's a main track. We got Shiherlis setting up. That's a main track. I want more.Eight, ten, twelve hours. For him to set up a new out. After that? He's gone. Bam! Bye- bye.He's the burglary cop with the \"terrific tip?\"Hanna. Where'd it come from?I got Schwartz. Dead. Casals got no liver. He's dying. Don't come on to me with \"confidential source\" crap!Who ratted-out McCauley? C'mon! Who? You?Okay.It's me. Tracks back to this union guy, Van Zant. He had some beef with Neil. Neil already settled it. Van Zant got dead earlier tonight. Now Hugh Benny has reformed his wayward life and become a born- again good citizen. So, he's revealed the key player is this cowboy Waingro. Used to be part of Neil's crew. Waingro committed a double murder today on Towner, a driver, and his old lady. Meanwhile Waingro's checked into the Airport Hyatt House under \"Jamieson.\" Maybe Neil will make a move on him, but not likely. Get the word to bailbondsmen, bookies, snitches in County, etc. where Waingro is. And get a team down there to set it up.No. You stay on who's agenting Neil's getaway. What have you got?He's here. He's still here. I can feel it.Eight, ten hours max.What's your name?I'm Vincent Hanna.I'm angry. Ralph, you can ball my wife. You can lounge around her $1.7 million condominium on her sofa. You can do all those things. But you do not get to watch my fucking TV...!I've never screwed around. I've been true blue to you since the day we met.Right I had Ralph fuck you 'cause it makes me feel so good.Shut up!'Cause you're the one who spends all the time on the couch.What do I do? I speak the English language. Words. Sentences even.Thank you.Someone's agenting Neil's stuff?Who? The Tooth Fairy? Talk to you later....how did Charlene get the Marina address passed to Chris?I don't believe I didn't think of this. Farina?He blows out of here, you'll do his time. I want...Your worst nightmare. Hard time, Nate!Don't touch him! Accessory. Armed robbery and murder one. Dealing stolen merchandise and securities. You agent for Neil. At least the armored car and bank. Everything I tie him into, I tie you into. Two cops dead. Other bodies on the sidewalk. You understand that kind of heat? You fucking get it!Book him on Accessory to Armed Robbery, Murder One, A.D.W., and Trafficking Stolen Merchandise. The Nazi's in Quentin will turn your ass into a satchel. You're an old man. Gimme Neil!Get me Farina.With a staff of five or six marshaling physical evidence for six months after two years' worth of continuances...maybe he'll do 18 months. Won't fucking happen. Check the bait.Yeah. At the hotel.I'll hold.What's the score?You know what? Neil's gone. Bam! Flyin' like' a bird.What do we got? Bon voyage, motherfucker, you were good. I'm going to the hotel. I'm gonna take a shower. I'm gonna sleep for a month.You're gonna be okay, baby. Your mommy and me are here. Everybody's here. We're going to take care of you. We love you...I got her.She's not epileptic! This isn't a seizure.You okay, baby?Fuck McCauley. You handle it. Call Bosko and Drucker in. Get me at the hospital after.I don't know... Probably not... ...but I am reminded of how much I love you. But that may not be enough.Yeah.Casals come in.What's the situation?It means he knew we were here and came anyway.Yeah, yeah, that's fine. Stay on it. 10-4....pretty good your own self.", "clean_lines": "can t  bosko s waiting  hi  sweetie no school today he gonna show  or the son of a bitch gonna stand her up like last time i m out of time   where s the ambulance what about the crash  the white towtruck i d  anybody  plate  description what about them oh  that was smart  slick   cause they had no time  cause they knew our response time  cause they were on our air yeah  their m o  is that they are good  once it escalated into a murder one beef for all of them after they killed the first two  they popped guard number three  cause it didn t rake any difference anymore  so why leave a living witness  drop of a hat  they ll rock and roll  also  the way they went into the side indicates they are equipped to go in on the prowl  so also start looking for recent highline burgularies that have  mystified  us  run the  slick  bit to the fbi and see what it kicks out split the fences  i ll take cuzomano and torena  you take the east side  go through the tapes of who we been listening to  hang in with forensics on all physical evidence  how d they know the route of the van and what it was carrying  does gage print the day s routes  what do they do with the printouts  who collects their trash  run makes on all their middlemanagement  did someone give this score up  check the three guards  see if one of them was a tipster out of town  frankly  i hope they are scoring once and passing through  and i doubt it this look like boosters working the local seven eleven to you  it goes to major crime  go to work bobby  it s me albert torena call me back hi work  harvey show or d lauren get stood up again what an asshole  she okay there s three dead bodies in an alley off adams  i m really sorry the lamb got overcooked looking after her is tired  very tired  he doesn t know why he said what he did  he regrets it  so he turns on his tv to watch the news and his eyes glaze over you were supposed to get back to me last night  so where the fuck were you  albert i oughta violate your ass right now you re a bust out speed freak jackin  metamphetamine again  i m in a hurry no  right now you be there  too be there whaddaya hear  whaddaya say  about this crew that knocked down three guards yesterday and took a gates armored truck  bearer bonds  start making calls ridin  the airwaves  on every news channel  turn on a fucking radio  try to broker the bonds  make some money  then you ll shift into flip o matic and tell me who they are  and what they are doing next gimme all your money ain t gonna be you  mo fo you holdin  what do you got    lookin  for me to rid you of your competition you got something to say  or what i m not your  carnal  you little motherfucker  and you  know   cause i say so    after i hear what you got to tell me you can get killed     walking down the street   yeah what s wrong with you  you drag me here to waste my time like this  you saw a guy on the street    who s an ex con    what do you expect for that  a junior g man badge are you kidding what you said  slick  tell me about him   what s his     name  who else have i got bob  get on the house 24 hour surveillance  title search  the works  drucker and casals bug the car and whatever else we need  remembering it won t be evidentiary  when he moves or sits   like in a restaurant i want pictures of who he moves and sits with  then run makes on them and their cars  they got jackets  i want to see who they move and they sit with and give them the same treatment  bosko  work the neighborhood  tail the wife  look for a drop that could garage a work car and tools  that s it conference him in  yeah  richie how old how d she die  richie who are they what the hell are they doin  here oh  this is nice homicide getting anywhere a goddamn convention who s the big guy next time this crew scores  when they walk in that door  they will get the surprise of a lifetime nothing  clear the air fell back to see if the alarm bypasses held  if they did  they ll be back  stay the fuck off the radio quiet   let  em go let em go  we got nothing  not even a burglary  they didn t fucking steal anything yet  don t you get it  all we ve got s breaking and entry the fuck you aren t  that s exactly what you are gonna do  it s my investigation  and my authority supersedes your rank  and i am not settling for some chicken shit misdemeanor back to work you go back to newark on a new jersey warrant for smuggling cigarettes up from north carolina three years ago or you go to work for us  cut and dried  that   is   it charlene shiherlis who has to  you re onna plane to new jersey  jagoff  cause she s got a great ass and you got your head all the way up it so it s no big thing  i don t even want her  you can have her  after  i want her husband and all his buddies  that s all  and you re gonna help what are they taking down out here what s s that down there maybe they re gonna steal the hub caps    a billboard  oil pumps  what the hell s goin  on i got an idea what they re looking at  you know what they re looking at is that guy something  or is that guy something  i mean  you gotta give this crew credit  they are so fucking good    know what he s looking at us  the l a p d  the police department  we just got made   justine where we going where are you going you know i m on you  let s talk seven years in san quentin  in the hole for three  mcneil before that was mcneil as tough as they say you looking to go back  i chased some crews  the guys were lookin  to fuck up and get busted back i worked all kinds no  i do not then don t take down scores you never wanted a normal type life that s part of it no  my wife spends half her time on the couch  my stepdaughter s got problems  cause her real father s a world class asshole  and every moment i got  i m chasing guys like you what are you  a monk what do you tell her and if you spot me around the corner  you gonna walk out on her  leave her flat  like that  not even say goodbye what you re left with is pretty empty i don t know how to do anything else and i don t much want to we re sitting here like a coupla regular fellas  you do what you do  i do what i gotta do  what happens if i am there and i got to put you away  i won t like it  but  if it s between you and some poor bastard whose wife you re going to make into a widow  brother  you are gonna go down   cause you don thave to be there  you coulda gone and been a    a mailman maybe it ll happen that way  or who knows    can we have the bill what i was just with him whattaya mean   they dumped us   cerrito locators on their cars  they dumped all our tails   i had coffee with mccauley half an hour ago  what happened does anybody have any idea where the fuck these people are at   cause whatever they are gonna do  they are doing it right now left flanking fire  street get down  get downthis is hanna  come in   you stick with the charlene shiherlis piece maybe chris or neil will come for her  frankly  i doubt it  you work neil s transport from here on the phones and now he s gotta get a new one  would you trust it after this afternoon  someone  somewhere s agenting it for him  that s a main track  we got shiherlis setting up  that s a main track  i want more eight  ten  twelve hours  for him to set up a new out  after that  he s gone  bam  bye  bye he s the burglary cop with the  terrific tip  hanna  where d it come from i got schwartz  dead  casals got no liver  he s dying  don t come on to me with  confidential source  crap who ratted out mccauley  c mon  who  you okay it s me  tracks back to this union guy  van zant  he had some beef with neil  neil already settled it  van zant got dead earlier tonight  now hugh benny has reformed his wayward life and become a born  again good citizen  so  he s revealed the key player is this cowboy waingro  used to be part of neil s crew  waingro committed a double murder today on towner  a driver  and his old lady  meanwhile waingro s checked into the airport hyatt house under  jamieson   maybe neil will make a move on him  but not likely  get the word to bailbondsmen  bookies  snitches in county  etc  where waingro is  and get a team down there to set it up no  you stay on who s agenting neil s getaway  what have you got he s here  he s still here  i can feel it eight  ten hours max what s your name i m vincent hanna i m angry  ralph  you can ball my wife  you can lounge around her  1 7 million condominium on her sofa  you can do all those things  but you do not get to watch my fucking tv    i ve never screwed around  i ve been true blue to you since the day we met right i had ralph fuck you  cause it makes me feel so good shut up  cause you re the one who spends all the time on the couch what do i do  i speak the english language  words  sentences even thank you someone s agenting neil s stuff who  the tooth fairy  talk to you later    how did charlene get the marina address passed to chris i don t believe i didn t think of this  farina he blows out of here  you ll do his time  i want   your worst nightmare  hard time  nate don t touch him  accessory  armed robbery and murder one  dealing stolen merchandise and securities  you agent for neil  at least the armored car and bank  everything i tie him into  i tie you into  two cops dead  other bodies on the sidewalk  you understand that kind of heat  you fucking get it book him on accessory to armed robbery  murder one  a d w   and trafficking stolen merchandise  the nazi s in quentin will turn your ass into a satchel  you re an old man  gimme neil get me farina with a staff of five or six marshaling physical evidence for six months after two years  worth of continuances   maybe he ll do 18 months  won t fucking happen  check the bait yeah  at the hotel i ll hold what s the score you know what  neil s gone  bam  flyin  like  a bird what do we got  bon voyage  motherfucker  you were good  i m going to the hotel  i m gonna take a shower  i m gonna sleep for a month you re gonna be okay  baby  your mommy and me are here  everybody s here  we re going to take care of you  we love you   i got her she s not epileptic  this isn t a seizure you okay  baby fuck mccauley  you handle it  call bosko and drucker in  get me at the hospital after i don t know    probably not       but i am reminded of how much i love you  but that may not be enough yeah casals come in what s the situation it means he knew we were here and came anyway yeah  yeah  that s fine  stay on it  10 4    pretty good your own self "}, "NEIL": {"raw_lines": "You ready if I need you?Got their air?Turn it off.Two minutes, fifty seconds.We ought to be down the chute into the escape route in 2:20. Here we go...Next one blows you up! Out! Now... Now!Up against the wall!8o seconds left. Move it.Move out! 38 seconds left!Ten. Nine. Blew the margin. Here we come.Here we come.I don't want to talk about it.What's the matter?\"Malibu Securities ...No.So what?Try it on.By reputation.What do I need look at his score for? I got my own.9:00a.M. tomorrow.This is a partial split, but I took out of ours - every - to make up... ...his full end. Because I want to settle him up and get rid of this jagoff right now.Fuck off.Electricity and chemicals a little fucked up? You a shooter? Speed? What?You didn't have to. Now we got extra heat off a clean score.No thanks.You closing in a few minutes?No. It's the color reproduction of these plates...Sure.You're open late. Not many open this late. What's your name?Bukowski. Neil Bukowski.Swimming pools. Institutional. Schools, State, counties. I'm on the sales end.Let me have another coffee. You like selling books?Yeah? Like what?Tell me.What else?City of lights.I flew over the arctic once at 40,000 feet. The moonlight was blue on all the snow. It felt like that.Yeah.I'm alone. Not lonely.You?What is it?You want a $100,000 advance, against a full 101. Why?On the prowl or strong?How many guys?That's not a $100,000 worth anything. You're giving me an address to what's strictly a cowboy score: \"Get the guns and let's go!\" We smash, grab and boogie while they hit the alarm.Do I have to kill people?Full architectural, plumbing and electric, camera placements?What do you estimate?He hadda make a call. You're on. Here's five grand earnest money. You get the rest after lunch.I bought it.The bonds?How is he?Chris is here. I called so you shouldn't worry. What's wrong?He can sleep it off here.What happened to you?When I get around to it.Why?With everything we been taking?When I get around to it. You got something else on the side?She got another man?You sure?Jimmy - whatsisname - Bohunk, in the joint used to say: \"On the street you wanna be makin' roves, you don't put anything in your life you can't walk out on in 30 seconds flat if you spot heat around the corner.\"So?Taking delivery from Van Zant on the rest of the armored car cash. I gotta drop a deposit on Kelso. He's got a bank score.That goes, too. Meet me at the coffee shop at noon. I got stuff to do...How you doing?I been real busy.Can I see you?Not for me it wasn't.Tonight. I'll pick you up at work.Change for a dollar?Yeah. Van Zant.About the merchandise. What's the story?333-6089.Open up.Who was that guy?Listen...We got to know who he is!What he tell you? How connected he is? Get you a spot in a show?Chris is gonna straighten it up with you. And you ...I'm not part of your situation!Not anymore. And Chris has got two big jobs back-to-bick. You will give Chris this shot. After that, he fucks up, then okay. I will finance setting you up, separate, myself. Dominick will go with you. And my word counts. But right now he is puttin' it all on the line. So for the three of you, you are goin', to give Chris one more shot.Now that is what it is gonna beYou keep your hands in sight! I tell you what to do, how to do it.Now, with your right hand only: throw the envelope in my back seat.You're all done, pal.John Van Zant?Neil McCauley.Tell you what: keep the money.\"... keep ... the ... money.\"What am I doin' I'm talking into an empty telephone.'Cause there is a dead man on the other end of this line...You got a clean line?I got a delay dropping the $50,000.Wait a minute, pal-o!!You're going to wait for me for a week. I'll buy a week with the five. It's above and beyond the fifty and if I wash, you keep it. You're going to wait for me 'cause you want me to take it down. You know it's got better odds with me in. Now do we have an understanding?We'll down platinum through Nate. The deal is 72% of today's quote on the Bourse in the New York Times.We pass by couple times tomorrow afternoon. Check nothing strange in the neighborhood. Tomorrow night: we take it down. You set on the rear door.Kill him...after the score.We'll use Nate's advance off the platinum when I down the merch to pay Kelso for the bank package.I got it.Come away with me.New Zealand.Soon.What's stopping you? What's here?What's to know?Why?I deal with state officials. County. Weird hours. A lot of traveling, entertaining.I know enough.I have to leave. Come away with me. No one will ever tell you what to do... You'll never lose yourself with me....We walk.It is not an animal sound. We are out of here.We walk!! Now.LAPD? The G? What? Where the hell did this heat come from?Wake up! Assume they got our phones, our houses bugged, I beepers on all the cars. We got major problems.. Where's Cerrito?Recognize the cook?D Block. San Q. Did a nickel on armed robbery.Hey, David. How you doing?Gettin' by. You okay?Sure. See you around.What took you so long?I cash in T-bills to pay-off Kelso. That's not our problem.With the heat we got, you wanna play World War Two in the streets with Van Zant?Fuck Van Zant. I got more motivation to whack him than you do. He is a luxury. Our problem is: jam and take the bank or split. And I mean right fucking now. Do not go home, pack, nothing. Thirty seconds from now we are on the road. Gone.Michael?Not on this one, Michael. On this one you make up your own mind.I got some plans. To go away after. So for me, it's worth the stretch.But, Elaine takes good care of you. You got plenty put away. T. Bonds; real estate. If I were you, I'd be smart and cut loose of this.All right. All right.Yeah. You see how the road leads back around?That's the escape route...There's enough circuit diagrams and blueprints here to build the bank. It's terrific.I've had heat before.This one's worth the stretchI'm sure. Drop me at the garage.Sure. Buy me a cup of coffee.Yeah.You looking to become a penologist?You must have worked some dipshit crews.You see me doing thrill-seeker liquor store holdups with a \"Born to Lose\" tattoo on my chest?Right. And I...I am never going back.I do what I do best. I take scores. You do what you do best trying to stop guys like me.What the fuck is that? Barbecues and ballgames?That's nice. That your life?A man told me once: you want to make moves? Don't keep anything in your life you're not willing to walk out on in 30 seconds flat if you feel the heat around the corner. So if you're chasing me and you gotta move when I move, how do you expect to keep a family?No. I got a woman.She thinks I sell swimming pools.That's the discipline.Yeah? Then maybe you and me, we should both go do somethin' else, pal....neither do I.Neither do I.There's a flip side to that coin. What if you got me boxed in and I gotta put you down? 'Cause no matter what, you will not get in my way. But now that we been face to face, I would not feel good about that. But I won't hesitate. Not for one second....maybe we'll never see each other again.Got it. it's eighteen inches in.Where the hell's Towner? I wanted to pass by early. I want to check the slot for the work car.What are you talking about?What the hell I do for a driver?!What do you call this? Backing me up?Here comes your second chance for a change of luck...Need a driver. Remember the drill?To-day.Out back in five.There's the slot.No. 'Cause time is not a problem. And I want nothing to look weird.There is none.Drop us in the slot. Let's take it down.Hi!Ladies and gentlemen! We are holding up this bank. We want to hurt nobody. You do exactly like we say and you come away okay. We're here for the bank's money, not your money......you people behind the windows: the salaries this bank pays aren't big enough to take risks for, so think of your take-home pay before you risk your life....don't forget your money is insured by the Federal Government. You're not going to lose a penny. Relax and you'll get through this okay.Any of the ladies feel ill or anybody with heart trouble wants to sit down, go right ahead.The key.Don't touch your face. Let it bleed.Go!! Go!!What's the bottom line?Six, seven hours. What do I owe you?What is this?You're wrong. It's four times the risk. 'Cause something happens to him, I'm coming back for you. And I'm double the worst trouble you ever had.I'll be back for you.First, I got to know if our escape route got ratted-out along with everything else.Who wasn't around Towner.Who?She's dead... So's Cerrito and Breedan...the guy who stood in...for you. Who did this...?Who?Waingro? On his own?Van Zant?You sure?You say anything about our exit? Our out?C ' mon!The house clean?I'll call the medics....Nate.No.Next: Waingro. Okay?I'll make time. I need a new \"out\" laid on.How can I trust it?Things are screwed up. You're not flying out after me. We go together.You and me got to straighten something up first. I'll be by later.Waingro. Where is he?How much?That's a rip-off.What do I get for those dollars?Via what?Reliable?A girl. With her own papers. What are these good for?How soon?Make it twelve.You checked all around?Where's the pick-up?Kelso's share. Ten per cent. $400,000. That's less the 50 advance. The other bag was with Cerrito.It's what I don't do. I don't sell swimming pools. It would have been okay. You would have flown out after. You didn't need to do a thing. Now I'm jammed. We got to go together. Because we get dropped in a place and then I decide: New Zealand or Brazil or Tunisia, whatever. I can't leave a string back here to where I am.I rob and steal for a living. Do you understand?If they got in the way. Yes. It's their problem.Elaine Cerrito. Michael Cerrito's wife. Michael was my friend. He knew the risks. He didn't have to be there. He coulda been a...been a mailman.Believe it.Eady. Get packed. Get dressed. Let's go.Eady! !Shut up!Use these credit cards. They say \"Mr. and Mrs.\" I reserved the car. Buy me some clothes. Here's a list. I can't go home for my stuff. Can you do it?Twenty-two hours. Then we fly out of here...clean.You can go now. There's the door, you want out...It will be different...I been trying.Use the Camaro. Its clean and will stand a DMV check.Someone's picking me up.See you, cowboy.Any trouble?Six hours. 8 p.m.I'll buy you lunch. Everything's smooth. We're going to fly away...Hi ya.Yeah, Breedan's end?Okay...You figured right. Take it easy, old man.That was the last bridge.Look over there.I don't even know how to think like this...cause this has happened to me late in my life. But I got some expectations. For us. You can walk right now if you want. Walk away. Or you...on your own...you choose to come with me. I got enough in there to take care of us for forever.Eady.Eady?Nothing.I got this errand to run that I forgot.Sure. It's a thing I got to take care of... is all.Leave it running....be right back, Eady.Hi. It's the kitchen again. A... \"Jamieson\" ordered a BLT and they got his room number screwed up.Thanks, love.I'm hotel security. We're evacuating the floor.Sir, I'm afraid you'll have to.I should have dumped you in that parking lot. Look at me, you sick fuck.Gimme your eyes. 'Cause you're gonna die....not half bad.", "clean_lines": "you ready if i need you got their air turn it off two minutes  fifty seconds we ought to be down the chute into the escape route in 2 20  here we go   next one blows you up  out  now    now up against the wall 8o seconds left  move it move out  38 seconds left ten  nine  blew the margin  here we come here we come i don t want to talk about it what s the matter  malibu securities    no so what try it on by reputation what do i need look at his score for  i got my own 9 00a m  tomorrow this is a partial split  but i took out of ours   every   to make up       his full end  because i want to settle him up and get rid of this jagoff right now fuck off electricity and chemicals a little fucked up  you a shooter  speed  what you didn t have to  now we got extra heat off a clean score no thanks you closing in a few minutes no  it s the color reproduction of these plates   sure you re open late  not many open this late  what s your name bukowski  neil bukowski swimming pools  institutional  schools  state  counties  i m on the sales end let me have another coffee  you like selling books yeah  like what tell me what else city of lights i flew over the arctic once at 40 000 feet  the moonlight was blue on all the snow  it felt like that yeah i m alone  not lonely you what is it you want a  100 000 advance  against a full 101  why on the prowl or strong how many guys that s not a  100 000 worth anything  you re giving me an address to what s strictly a cowboy score   get the guns and let s go   we smash  grab and boogie while they hit the alarm do i have to kill people full architectural  plumbing and electric  camera placements what do you estimate he hadda make a call  you re on  here s five grand earnest money  you get the rest after lunch i bought it the bonds how is he chris is here  i called so you shouldn t worry  what s wrong he can sleep it off here what happened to you when i get around to it why with everything we been taking when i get around to it  you got something else on the side she got another man you sure jimmy   whatsisname   bohunk  in the joint used to say   on the street you wanna be makin  roves  you don t put anything in your life you can t walk out on in 30 seconds flat if you spot heat around the corner  so taking delivery from van zant on the rest of the armored car cash  i gotta drop a deposit on kelso  he s got a bank score that goes  too  meet me at the coffee shop at noon  i got stuff to do   how you doing i been real busy can i see you not for me it wasn t tonight  i ll pick you up at work change for a dollar yeah  van zant about the merchandise  what s the story 333 6089 open up who was that guy listen   we got to know who he is what he tell you  how connected he is  get you a spot in a show chris is gonna straighten it up with you  and you    i m not part of your situation not anymore  and chris has got two big jobs back to bick  you will give chris this shot  after that  he fucks up  then okay  i will finance setting you up  separate  myself  dominick will go with you  and my word counts  but right now he is puttin  it all on the line  so for the three of you  you are goin   to give chris one more shot now that is what it is gonna beyou keep your hands in sight  i tell you what to do  how to do it now  with your right hand only  throw the envelope in my back seat you re all done  pal john van zant neil mccauley tell you what  keep the money      keep     the     money  what am i doin  i m talking into an empty telephone  cause there is a dead man on the other end of this line   you got a clean line i got a delay dropping the  50 000 wait a minute  pal o  you re going to wait for me for a week  i ll buy a week with the five  it s above and beyond the fifty and if i wash  you keep it  you re going to wait for me  cause you want me to take it down  you know it s got better odds with me in  now do we have an understanding we ll down platinum through nate  the deal is 72  of today s quote on the bourse in the new york times we pass by couple times tomorrow afternoon  check nothing strange in the neighborhood  tomorrow night  we take it down  you set on the rear door kill him   after the score we ll use nate s advance off the platinum when i down the merch to pay kelso for the bank package i got it come away with me new zealand soon what s stopping you  what s here what s to know why i deal with state officials  county  weird hours  a lot of traveling  entertaining i know enough i have to leave  come away with me  no one will ever tell you what to do    you ll never lose yourself with me    we walk it is not an animal sound  we are out of here we walk   now lapd  the g  what  where the hell did this heat come from wake up  assume they got our phones  our houses bugged  i beepers on all the cars  we got major problems   where s cerrito recognize the cook d block  san q  did a nickel on armed robbery hey  david  how you doing gettin  by  you okay sure  see you around what took you so long i cash in t bills to pay off kelso  that s not our problem with the heat we got  you wanna play world war two in the streets with van zant fuck van zant  i got more motivation to whack him than you do  he is a luxury  our problem is  jam and take the bank or split  and i mean right fucking now  do not go home  pack  nothing  thirty seconds from now we are on the road  gone michael not on this one  michael  on this one you make up your own mind i got some plans  to go away after  so for me  it s worth the stretch but  elaine takes good care of you  you got plenty put away  t  bonds  real estate  if i were you  i d be smart and cut loose of this all right  all right yeah  you see how the road leads back around that s the escape route   there s enough circuit diagrams and blueprints here to build the bank  it s terrific i ve had heat before this one s worth the stretchi m sure  drop me at the garage sure  buy me a cup of coffee yeah you looking to become a penologist you must have worked some dipshit crews you see me doing thrill seeker liquor store holdups with a  born to lose  tattoo on my chest right  and i   i am never going back i do what i do best  i take scores  you do what you do best trying to stop guys like me what the fuck is that  barbecues and ballgames that s nice  that your life a man told me once  you want to make moves  don t keep anything in your life you re not willing to walk out on in 30 seconds flat if you feel the heat around the corner  so if you re chasing me and you gotta move when i move  how do you expect to keep a family no  i got a woman she thinks i sell swimming pools that s the discipline yeah  then maybe you and me  we should both go do somethin  else  pal    neither do i neither do i there s a flip side to that coin  what if you got me boxed in and i gotta put you down   cause no matter what  you will not get in my way  but now that we been face to face  i would not feel good about that  but i won t hesitate  not for one second    maybe we ll never see each other again got it  it s eighteen inches in where the hell s towner  i wanted to pass by early  i want to check the slot for the work car what are you talking about what the hell i do for a driver  what do you call this  backing me up here comes your second chance for a change of luck   need a driver  remember the drill to day out back in five there s the slot no   cause time is not a problem  and i want nothing to look weird there is none drop us in the slot  let s take it down hi ladies and gentlemen  we are holding up this bank  we want to hurt nobody  you do exactly like we say and you come away okay  we re here for the bank s money  not your money      you people behind the windows  the salaries this bank pays aren t big enough to take risks for  so think of your take home pay before you risk your life    don t forget your money is insured by the federal government  you re not going to lose a penny  relax and you ll get through this okay any of the ladies feel ill or anybody with heart trouble wants to sit down  go right ahead the key don t touch your face  let it bleed go   go  what s the bottom line six  seven hours  what do i owe you what is this you re wrong  it s four times the risk   cause something happens to him  i m coming back for you  and i m double the worst trouble you ever had i ll be back for you first  i got to know if our escape route got ratted out along with everything else who wasn t around towner who she s dead    so s cerrito and breedan   the guy who stood in   for you  who did this    who waingro  on his own van zant you sure you say anything about our exit  our out c   mon the house clean i ll call the medics    nate no next  waingro  okay i ll make time  i need a new  out  laid on how can i trust it things are screwed up  you re not flying out after me  we go together you and me got to straighten something up first  i ll be by later waingro  where is he how much that s a rip off what do i get for those dollars via what reliable a girl  with her own papers  what are these good for how soon make it twelve you checked all around where s the pick up kelso s share  ten per cent   400 000  that s less the 50 advance  the other bag was with cerrito it s what i don t do  i don t sell swimming pools  it would have been okay  you would have flown out after  you didn t need to do a thing  now i m jammed  we got to go together  because we get dropped in a place and then i decide  new zealand or brazil or tunisia  whatever  i can t leave a string back here to where i am i rob and steal for a living  do you understand if they got in the way  yes  it s their problem elaine cerrito  michael cerrito s wife  michael was my friend  he knew the risks  he didn t have to be there  he coulda been a   been a mailman believe it eady  get packed  get dressed  let s go eady   shut up use these credit cards  they say  mr  and mrs   i reserved the car  buy me some clothes  here s a list  i can t go home for my stuff  can you do it twenty two hours  then we fly out of here   clean you can go now  there s the door  you want out   it will be different   i been trying use the camaro  its clean and will stand a dmv check someone s picking me up see you  cowboy any trouble six hours  8 p m i ll buy you lunch  everything s smooth  we re going to fly away   hi ya yeah  breedan s end okay   you figured right  take it easy  old man that was the last bridge look over there i don t even know how to think like this   cause this has happened to me late in my life  but i got some expectations  for us  you can walk right now if you want  walk away  or you   on your own   you choose to come with me  i got enough in there to take care of us for forever eady eady nothing i got this errand to run that i forgot sure  it s a thing i got to take care of    is all leave it running    be right back  eady hi  it s the kitchen again  a     jamieson  ordered a blt and they got his room number screwed up thanks  love i m hotel security  we re evacuating the floor sir  i m afraid you ll have to i should have dumped you in that parking lot  look at me  you sick fuck gimme your eyes   cause you re gonna die    not half bad "}, "NATE": {"raw_lines": "A million, six at 40 cents onna dollar's 640. Here's a hundred forty thou front money. Get you the rest, 2-3 days.What happened out there?Wait a minute.You know who these belong to?You know John Van Zant?Malibu Securities is a brokerage he controls. Planned bankruptcies, made out during the S&L's, money laundering...You ripped off his Treasury Certificates.That's the point. On top of collecting his insurance, maybe he wants to buy back his bonds. From him I can get you 60 cents on the dollar instead of 40. Means an extra 320 to you.You know Cezar Kelso?He's got this score he's putting out and wants you to look at.He said you'll get near eight figures. Very clean.Take it easy.Look, Van Zant. Nobody knew the merch was yours or they would have respected it. Be that as it may: now you get 100% from the insurance company and you're even, plus you can get the bonds back for 60 cents onna dollar. You make an additional 40%. Your operation doesn't skip a beat, and everybody's making out.Usually I'm the mailman.Okay.What I tell you?We're on. You call him tomorrow... ... and set a meet.Very cool. He's a businessman.Worth it?His name is Hanna; first name, Vincent. I smeared this sergeant in vice five yards. Hanna's all over you. He's a hot dog. Lieutenant in major Crimes Unit. He's taken down some heavy crews. Blew away Frankie Yonder in Chicago and he was a fucking maniac. Was working Narcotics before that. He's good, Neil. Dedicated. Divorced three times. Current wife's Justine. He's why the extra heat. Vice sergeant says Hanna likes you. Thinks you're some kind of 'star.' 'You do this sharp, you do that sharp. Look how sharp this guy is to figure that.'Funny as a heart attack. With this guy and this much heat, you should pass on the bank.That's not the point.You sure?You on a cellular?You got the time...?Do you know it's blown?$165,000.You want a good getaway and you're hot with a big score in your pocket. You're a media event. What the fuck do you expect?You end up in Ireland with good papers and plastic.Lear jet to Vancouver. Then commercial to Reykjavik; then Dublin.For those bucks? 100 per cent. I got the plastic on me. The passports will be on the plane. Who's the third?Forty-five to sixty days.Twenty-four hours.You're going for an important ride. If they say twenty-four for it to be right, then it's twenty-four!All around. You and I go way back, kiddo, I bought you the best.Santa Monica Airport. They're a legit operation. I won't have details until tomorrow morning.What is it?I got Cerrito's share deposited in the Delaware Trust for Elaine. She's pretty bad... Passports. Traveler's checks. Plastic. Hangar 17. Plane call letters are 1011 Sierra. Touches down, holds for five minutes and splits. The plane will stand an FAA check. Filed flight plan. The works.Here's the address Charlene said she was at. But I don't have documents for her.Fly. Send for her later. Can't you talk to him?Talk to you in three hours in case there's changes.Yeah?Still can't find nobody. It's in the Delaware Trust. You tell me later what to do. And about your ride. No changes. Right on schedule.I figured you wouldn't waste the time.You take it easy. Be careful, huh?Screw what you want. Who the fuck are you?I ain't looking at shit, and you know it! So don't con me.Go ahead!Neil who...?What I'll give you is so many false arrest lawsuits, you won't have time to write traffic tickets!", "clean_lines": "a million  six at 40 cents onna dollar s 640  here s a hundred forty thou front money  get you the rest  2 3 days what happened out there wait a minute you know who these belong to you know john van zant malibu securities is a brokerage he controls  planned bankruptcies  made out during the s l s  money laundering   you ripped off his treasury certificates that s the point  on top of collecting his insurance  maybe he wants to buy back his bonds  from him i can get you 60 cents on the dollar instead of 40  means an extra 320 to you you know cezar kelso he s got this score he s putting out and wants you to look at he said you ll get near eight figures  very clean take it easy look  van zant  nobody knew the merch was yours or they would have respected it  be that as it may  now you get 100  from the insurance company and you re even  plus you can get the bonds back for 60 cents onna dollar  you make an additional 40   your operation doesn t skip a beat  and everybody s making out usually i m the mailman okay what i tell you we re on  you call him tomorrow        and set a meet very cool  he s a businessman worth it his name is hanna  first name  vincent  i smeared this sergeant in vice five yards  hanna s all over you  he s a hot dog  lieutenant in major crimes unit  he s taken down some heavy crews  blew away frankie yonder in chicago and he was a fucking maniac  was working narcotics before that  he s good  neil  dedicated  divorced three times  current wife s justine  he s why the extra heat  vice sergeant says hanna likes you  thinks you re some kind of  star    you do this sharp  you do that sharp  look how sharp this guy is to figure that  funny as a heart attack  with this guy and this much heat  you should pass on the bank that s not the point you sure you on a cellular you got the time    do you know it s blown  165 000 you want a good getaway and you re hot with a big score in your pocket  you re a media event  what the fuck do you expect you end up in ireland with good papers and plastic lear jet to vancouver  then commercial to reykjavik  then dublin for those bucks  100 per cent  i got the plastic on me  the passports will be on the plane  who s the third forty five to sixty days twenty four hours you re going for an important ride  if they say twenty four for it to be right  then it s twenty four all around  you and i go way back  kiddo  i bought you the best santa monica airport  they re a legit operation  i won t have details until tomorrow morning what is it i got cerrito s share deposited in the delaware trust for elaine  she s pretty bad    passports  traveler s checks  plastic  hangar 17  plane call letters are 1011 sierra  touches down  holds for five minutes and splits  the plane will stand an faa check  filed flight plan  the works here s the address charlene said she was at  but i don t have documents for her fly  send for her later  can t you talk to him talk to you in three hours in case there s changes yeah still can t find nobody  it s in the delaware trust  you tell me later what to do  and about your ride  no changes  right on schedule i figured you wouldn t waste the time you take it easy  be careful  huh screw what you want  who the fuck are you i ain t looking at shit  and you know it  so don t con me go ahead neil who    what i ll give you is so many false arrest lawsuits  you won t have time to write traffic tickets "}}