{"HANK": {"raw_lines": "Daddy -- you sure I never been to Africa before? It looks familiar.Oh sure. Where daddy lost all that money at the cr ---- table.Hey look - a camel!Still seems like Las Vegas.I dunno. In school they called it the Dark Continent. It's twice as bright as Indianapolis!Marrakesh. Sounds like a drink.You talk Arab talk.I do. Mummy.They feed her intervaneously?Daddy liberated Africa.And Casablanca.Do you eat snails.If you ever get hungry, our garden back home is full of snails.That's all right. We tried everything to got rid of them. We never thought of a Frenchman.Next time take the train.A wagon! I want to ride in a wagon!I don't like people who pat me on the head.How do you like this! A horse-drawn convertible!What pain, mummy?How about it, mummy? One chorus.One chorus, and that's all.Quo Sera Sera. Like you and Alfred Drake. I'll be Alfred Drake.Whatever I happen to hit.How's that?Let's go.When I was lust a little boy I asked my mother \"What will I be?\" Will I be handsome? Will I be rich? Here's what she said to me:When I was just a child in school I asked my teacher \"What should I try\" Should I paint pictures? Should I sing songs? This was her wise reply:There goes our sock finish!Mummy -- I can't cut this meat!What's he doing, Mrs. Drayton?Wish he'd say something I could understand.Mummy! Daddy!Come on with us! We're gonna see the medicine man! Maybe you on learn something, Daddy.Come on!Mummy! Daddy!Come on with us! We're gonna see the medicine man! Maybe you can learn something, Daddy.Hey, Mummy. Sewing machines! Looks like a television commercial.Hey, Mummy. Sewing machines! Looks like a television commercial.What's going on?I wanna go. I never saw a French police station before.Mummy? Mummy is that you?I'm a little scared, mummy. But I'm all right -- I guess. I miss you mummy, I miss you so much.Is mummy crying?I didn't mean to make her cry, daddy, but I'm scared, and I want to see her.Welbeck eight --Three men! You don't know much about checkers, do you?Can I finish? I'm winning?I guess so.Daddy! Daddy, I'm here! Dad -That's my Mother's voice! That's my Mother singing!That's her! I know it!I guess so.Mummy.", "clean_lines": "daddy    you sure i never been to africa before  it looks familiar oh sure  where daddy lost all that money at the cr      table hey look   a camel still seems like las vegas i dunno  in school they called it the dark continent  it s twice as bright as indianapolis marrakesh  sounds like a drink you talk arab talk i do  mummy they feed her intervaneously daddy liberated africa and casablanca do you eat snails if you ever get hungry  our garden back home is full of snails that s all right  we tried everything to got rid of them  we never thought of a frenchman next time take the train a wagon  i want to ride in a wagon i don t like people who pat me on the head how do you like this  a horse drawn convertible what pain  mummy how about it  mummy  one chorus one chorus  and that s all quo sera sera  like you and alfred drake  i ll be alfred drake whatever i happen to hit how s that let s go when i was lust a little boy i asked my mother  what will i be   will i be handsome  will i be rich  here s what she said to me when i was just a child in school i asked my teacher  what should i try  should i paint pictures  should i sing songs  this was her wise reply there goes our sock finish mummy    i can t cut this meat what s he doing  mrs  drayton wish he d say something i could understand mummy  daddy come on with us  we re gonna see the medicine man  maybe you on learn something  daddy come on mummy  daddy come on with us  we re gonna see the medicine man  maybe you can learn something  daddy hey  mummy  sewing machines  looks like a television commercial hey  mummy  sewing machines  looks like a television commercial what s going on i wanna go  i never saw a french police station before mummy  mummy is that you i m a little scared  mummy  but i m all right    i guess  i miss you mummy  i miss you so much is mummy crying i didn t mean to make her cry  daddy  but i m scared  and i want to see her welbeck eight   three men  you don t know much about checkers  do you can i finish  i m winning i guess so daddy  daddy  i m here  dad  that s my mother s voice  that s my mother singing that s her  i know it i guess so mummy "}, "JO": {"raw_lines": "We saw the same scenery last summer driving to Las Vegas.This isn't really Africa, Hank. It's French Morocco.Thank you, Mr. Bernard.Why was he so angry? It was an accident.Do you live in Morocco, Mr. Bernard?Why?Do you live in France, Mr. Bernard?What business are you in, Mr. Bernard?Okay, But I'm no Scheherazade.Goodbye.The one who was shouting at Hank for taking the woman's veil. He and the Frenchman were talking like old friends.It means Mr. Bernard is a very mysterious man.What do you know about him?You see? And he knows you' re an American living in Indianapolis, Indiana. A doctor at the Good Samaritan. You have a garden with snails, a wife, a boy who can spell haemoglobin. You went to a medical convention in Paris. Stopped at Rome, Lisbon, Casablanca. You once served in North Africa with an Army field Hospital --Not talking.He was asking, you were telling. You might as well have handed him your passport.Maybe Mr. Bernard has.Oh, Ben!Bitter medicine, doctor. But I'll swallow it.Well. This eases the pain.Just an expression.We're being watched.I'm a little out of form, Hank.All right, Mr. Hammerstein. What's your pleasure?What's your key?Pretty original.Que Sera Sera, whatever will be will be The future's not ours to see Que Sera Sera What will be will be Que Sera Sera.Que Sera Sera, whatever will be will be The future's not ours to see Que Sera Sera! Whatever will be will be Que Sera Sera!Now I have children of my own They ask their mother \"What will I be?\" Will I be handsome? Will I be rich? I tell them tenderly:He said the manager is going to send up somebody to baby sit.Thank you.Thank you. Let's sit where it's cool.Yes, I was on the American stage, and the London stage, and even the Paris stage.I thought you might have seen me in Paris -- being French, and --Have you ever been to Paris, Mr. Bernard?What?Just what are you buying, or selling, now in Marrakesh?I'll answer it.I'll do it, Hank.Ben...You're right. People are staring at us.They stared at us when we went into the hotel.Yes, I am.Thank you, Mr. Drayton.Possibly never again, professionally.Temporarily.What Ben means is that there are no Broadway musical shows produced in Indianapolis, Indiana. Of course, if we lived in New York... ...where I hear doctors aren't starving...Not the least, Mrs. Drayton.Does it have something to do with religion?Well just what do you think of that? First he promises to take us to dinner --Oh, Ben! What's the matter with you?!I just don't like to be both privately and publicly insulted.We're not an old married couple! All right -- He's a heel. I don't understand him -- and I'm beginning not to like what he's doing to our whole night.Ben, I know you -- once you get worked up, you'll start a fight. Now please, sit down and forget him.Louis Bernard, the big buyer from Paris, was going to take us through the market tomorrow.Ben, don't. Our dinner's getting cold. We'd love to go with you.I don't know why Ben gets so worked up over unimportant things.Oh, all that talk last night was just social chit chat, Every woman who ever gave up the stage for marriage is supposed to want to go back. I was just playing a part expected of me.No, if at all, let's talk about it humorously.Ben, this whole market place is very different and exciting.I was just thinking...do you know what's paying for these three days in Marrakesh?And the purse I bought in Paris...Any time he starts wearing you out...Ben, glamour is a costume I put on once. It never fit too well. I'd rather live my own life than one written for me.Ben, you're setting a trap for me.You mean give him a change to be a doctor?All right, darling, a deal's a deal.For every time step he'll learn a new muscle -- and for every chorus, three bones.Two chapters of Grey's Anatomy.I'd like to say something where nobody can hear us.When are we going to have another child?You're the doctor. You have all the answers.Having a good time, Hank?Hank!Ben -- who is he?Is he dead?Of course we know him! It's the frenchman, Louis Bernard.You're very thoughtful.Why should he suddenly turn up in Arab- outfit, wearing makeup?I'll bet he was a spy, or something like that.Ben, what did he whisper to you? What did you write down?What is it?I have to stretch.But at different tables.I don't know a thing,Who was it, Ben?That was nice of him.Ben...Let me see the message.I'm your wife, Ben -- not the police inspector. Let's see it.But Ben, a man's life --Hank, seeing a man killed in front of him. What a shook it must be to his mind.Why don't you just give that note to the American Consulate -- Why get any more involved?What about him?Okay.Ben, What's holding you up?Frankly, I'm exhausted. Don't you feel well?I'll call Mrs. Drayton and tell her we're back. She can bring Hank up here, or I'll go get his.Why?Ben...we're about to have our monthly fight.Then stop playing Rasputin. I only said I was going to call Mrs. Drayton.I'm so relaxed I'm tired. You take them.Ben...Six months ago you told me I took too many pills!I have not.I'm listening.What could it be?All right, Doctor McKenna. I am now relaxed and listening.Why don't I call Mrs. Drayton first. You can tell me while she's bringing Hank up.See.I know all that. Get to the surprise.Nothing suspicious about us.And he was killed before he found them.You'll be telling me next it was Mr. and Mrs. Drayton!If that's a joke, I don't think it's a very funny one.Think I'll lie down.Hank? Why H... ?Mrs. Drayton took Hank back to the hotel. She is downstairs!Well let's start looking for him. Mr. Drayton...Mr. Drayton should...Ben!! I could kill you! Sedative!All this time you, knew Hank was gone, and you wouldn't tell me.He's my child more than yours! I had him.Let go of me! I'll never never never forget this! We've got to find Hank! We've got to find him.You think you're the only one strong enough to take anything? Ben, Ben, I hate you, with my whole heart. Hank! Where is Hank? Hank, oh Hank! Get him, Ben. Please. You damn miserable human...how could anybody...do...Oh Ben, Ben, Ben...where is he? Where is he?How could they remember me so well, Ben? It's been four years since I played London.But how did they know...who could have told them...Ben, you didn't...?Do you know where he is?Mr. Buchanan --They told us not to say anything!And when they've done what they're going to do, they'll let him go. So all we have to do is wait.Ben, what can we do by ourselves? We need --Ben -- maybe they could find those people, and Hank, before --You act as if you're the only one who's concerned about Hank.Hallo.Yes.Mrs...Drayton?Where's Hank? Where have you got him?Where is he? Where have you got him?Yes. Please, please!Hello. Hello, Hank?Oh, Hank, Hank darling, are you really all right?He was scared.It's from the Panell's. \"Welcome home, Jo. Look forward to seeing your family. Especially the little--\"Cindy and Jan. You don't know Cindy and Jan.What are you looking for?I can't make up my mind, Ben. I'm jut scared to death. I'm afraid we'll do the wrong thing.What are you going to say?I go.Sightseeing.Hello, Val. Jo and I want to thank all of you for the lovely flowers. But you shouldn't have. We might not be here long!I'd like everyone to meet my husband.And this one is Jan Peterson who sing almost as well as I do, but can handle those legs like Nijinsky.And Cindy Fontaine, the most wonderful expatriate I've ever known.Hank. Henry, really.Thank you again for the beautiful flowers.Oh, Val -- I wish I could, but...Ben!Ben, for the last time, please let me go.Huh?No. No...you mean Chappell!It's not a man, it's a place! Ambrose Chapel! Ambrose Chapel! It has to be!I'm very sorry.But have another drink -- and please explain to Ben when he comes in.Ben -- Ben, darling...what happened -- did you find anything?Then it must be the chapel - and I've found it, Ben. It's just a short way from here. It was a crazy thing to do --I'll meet you outside.There it is.Ben, should we get some help from the police?Let's wait and look around...What if he asks me...Ben, I don't want to leave you....And Ben is in there now, watching the both of them!I don't know, I don't know where he is...but at least these people will know -- the Draytons. If you'd only send somebody to get them.Well call him there, please! Call him!Then can't you do anything -- right away -- before we lose the Draytons?We don't have days to do this. It's a matter of minutes. Can't you send the police. Or do I have to go to the Albert Hall myself.There's nobody there!Yes, but something's wrong. A few minutes ago the place was full of people, and now there's nobody!My husband's in there. There must have been thirty or forty people... and now...It couldn't...it couldn't have been more than five minutes ago!I told Mr. Woburn he had to hurry.I tried that. It's looked, Let's force it open.Couldn't you get one?Of course I'm certain. I was there myself, sitting next to my husband. He sent me out to call Scotland Yard.You're not leaving?Yes, I want to go to Albert Hall.All right. Let's go.I would like to see the manager, please.Please, I must speak to one of them. Which are they?If you don't mind, I'm just looking for someone.It wasn't -- it wasn't --Where's our boy? Where's Hank?Yes, Mr. Buchanan. We still need it.How do you know?What are you thinking about, Ben?What am I supposed to say, Ben? I don't know -- Ben, half looking at Woburn and Buchanan, gives her instructions.He said -- all right.Yes. I'm Jo Conway.Well, I don't know. It's been some time...All right. I'm very flattered.Hank.", "clean_lines": "we saw the same scenery last summer driving to las vegas this isn t really africa  hank  it s french morocco thank you  mr  bernard why was he so angry  it was an accident do you live in morocco  mr  bernard why do you live in france  mr  bernard what business are you in  mr  bernard okay  but i m no scheherazade goodbye the one who was shouting at hank for taking the woman s veil  he and the frenchman were talking like old friends it means mr  bernard is a very mysterious man what do you know about him you see  and he knows you  re an american living in indianapolis  indiana  a doctor at the good samaritan  you have a garden with snails  a wife  a boy who can spell haemoglobin  you went to a medical convention in paris  stopped at rome  lisbon  casablanca  you once served in north africa with an army field hospital   not talking he was asking  you were telling  you might as well have handed him your passport maybe mr  bernard has oh  ben bitter medicine  doctor  but i ll swallow it well  this eases the pain just an expression we re being watched i m a little out of form  hank all right  mr  hammerstein  what s your pleasure what s your key pretty original que sera sera  whatever will be will be the future s not ours to see que sera sera what will be will be que sera sera que sera sera  whatever will be will be the future s not ours to see que sera sera  whatever will be will be que sera sera now i have children of my own they ask their mother  what will i be   will i be handsome  will i be rich  i tell them tenderly he said the manager is going to send up somebody to baby sit thank you thank you  let s sit where it s cool yes  i was on the american stage  and the london stage  and even the paris stage i thought you might have seen me in paris    being french  and   have you ever been to paris  mr  bernard what just what are you buying  or selling  now in marrakesh i ll answer it i ll do it  hank ben   you re right  people are staring at us they stared at us when we went into the hotel yes  i am thank you  mr  drayton possibly never again  professionally temporarily what ben means is that there are no broadway musical shows produced in indianapolis  indiana  of course  if we lived in new york       where i hear doctors aren t starving   not the least  mrs  drayton does it have something to do with religion well just what do you think of that  first he promises to take us to dinner   oh  ben  what s the matter with you  i just don t like to be both privately and publicly insulted we re not an old married couple  all right    he s a heel  i don t understand him    and i m beginning not to like what he s doing to our whole night ben  i know you    once you get worked up  you ll start a fight  now please  sit down and forget him louis bernard  the big buyer from paris  was going to take us through the market tomorrow ben  don t  our dinner s getting cold  we d love to go with you i don t know why ben gets so worked up over unimportant things oh  all that talk last night was just social chit chat  every woman who ever gave up the stage for marriage is supposed to want to go back  i was just playing a part expected of me no  if at all  let s talk about it humorously ben  this whole market place is very different and exciting i was just thinking   do you know what s paying for these three days in marrakesh and the purse i bought in paris   any time he starts wearing you out   ben  glamour is a costume i put on once  it never fit too well  i d rather live my own life than one written for me ben  you re setting a trap for me you mean give him a change to be a doctor all right  darling  a deal s a deal for every time step he ll learn a new muscle    and for every chorus  three bones two chapters of grey s anatomy i d like to say something where nobody can hear us when are we going to have another child you re the doctor  you have all the answers having a good time  hank hank ben    who is he is he dead of course we know him  it s the frenchman  louis bernard you re very thoughtful why should he suddenly turn up in arab  outfit  wearing makeup i ll bet he was a spy  or something like that ben  what did he whisper to you  what did you write down what is it i have to stretch but at different tables i don t know a thing who was it  ben that was nice of him ben   let me see the message i m your wife  ben    not the police inspector  let s see it but ben  a man s life   hank  seeing a man killed in front of him  what a shook it must be to his mind why don t you just give that note to the american consulate    why get any more involved what about him okay ben  what s holding you up frankly  i m exhausted  don t you feel well i ll call mrs  drayton and tell her we re back  she can bring hank up here  or i ll go get his why ben   we re about to have our monthly fight then stop playing rasputin  i only said i was going to call mrs  drayton i m so relaxed i m tired  you take them ben   six months ago you told me i took too many pills i have not i m listening what could it be all right  doctor mckenna  i am now relaxed and listening why don t i call mrs  drayton first  you can tell me while she s bringing hank up see i know all that  get to the surprise nothing suspicious about us and he was killed before he found them you ll be telling me next it was mr  and mrs  drayton if that s a joke  i don t think it s a very funny one think i ll lie down hank  why h     mrs  drayton took hank back to the hotel  she is downstairs well let s start looking for him  mr  drayton   mr  drayton should   ben   i could kill you  sedative all this time you  knew hank was gone  and you wouldn t tell me he s my child more than yours  i had him let go of me  i ll never never never forget this  we ve got to find hank  we ve got to find him you think you re the only one strong enough to take anything  ben  ben  i hate you  with my whole heart  hank  where is hank  hank  oh hank  get him  ben  please  you damn miserable human   how could anybody   do   oh ben  ben  ben   where is he  where is he how could they remember me so well  ben  it s been four years since i played london but how did they know   who could have told them   ben  you didn t    do you know where he is mr  buchanan   they told us not to say anything and when they ve done what they re going to do  they ll let him go  so all we have to do is wait ben  what can we do by ourselves  we need   ben    maybe they could find those people  and hank  before   you act as if you re the only one who s concerned about hank hallo yes mrs   drayton where s hank  where have you got him where is he  where have you got him yes  please  please hello  hello  hank oh  hank  hank darling  are you really all right he was scared it s from the panell s   welcome home  jo  look forward to seeing your family  especially the little   cindy and jan  you don t know cindy and jan what are you looking for i can t make up my mind  ben  i m jut scared to death  i m afraid we ll do the wrong thing what are you going to say i go sightseeing hello  val  jo and i want to thank all of you for the lovely flowers  but you shouldn t have  we might not be here long i d like everyone to meet my husband and this one is jan peterson who sing almost as well as i do  but can handle those legs like nijinsky and cindy fontaine  the most wonderful expatriate i ve ever known hank  henry  really thank you again for the beautiful flowers oh  val    i wish i could  but   ben ben  for the last time  please let me go huh no  no   you mean chappell it s not a man  it s a place  ambrose chapel  ambrose chapel  it has to be i m very sorry but have another drink    and please explain to ben when he comes in ben    ben  darling   what happened    did you find anything then it must be the chapel   and i ve found it  ben  it s just a short way from here  it was a crazy thing to do   i ll meet you outside there it is ben  should we get some help from the police let s wait and look around   what if he asks me   ben  i don t want to leave you    and ben is in there now  watching the both of them i don t know  i don t know where he is   but at least these people will know    the draytons  if you d only send somebody to get them well call him there  please  call him then can t you do anything    right away    before we lose the draytons we don t have days to do this  it s a matter of minutes  can t you send the police  or do i have to go to the albert hall myself there s nobody there yes  but something s wrong  a few minutes ago the place was full of people  and now there s nobody my husband s in there  there must have been thirty or forty people    and now   it couldn t   it couldn t have been more than five minutes ago i told mr  woburn he had to hurry i tried that  it s looked  let s force it open couldn t you get one of course i m certain  i was there myself  sitting next to my husband  he sent me out to call scotland yard you re not leaving yes  i want to go to albert hall all right  let s go i would like to see the manager  please please  i must speak to one of them  which are they if you don t mind  i m just looking for someone it wasn t    it wasn t   where s our boy  where s hank yes  mr  buchanan  we still need it how do you know what are you thinking about  ben what am i supposed to say  ben  i don t know    ben  half looking at woburn and buchanan  gives her instructions he said    all right yes  i m jo conway well  i don t know  it s been some time   all right  i m very flattered hank "}, "BEN": {"raw_lines": "Hank!Northern Africa.We're only a hundred miles north of the Sahara Desert!Just wait till you see Marrakesh.You bet it does.Now wait a minute. Wait a minute. Simmer down.I'd like to thank you. Without your help, anything might have happened.May I introduce my wife, Mrs. McKenna.And this is our son, Hank.Oh, sure, sure. 0f course. Next to Jo, there.Oh, uh --That's my wife's name. Jo. Jay oh. No \"e.\"For Josephine. Called her Jo so long, nobody knows her by any other name.I'm a doctor.He can spell \"haemoglobin\" -- but he has trouble with \"cat\" and \"dog.\"Indianapolis, Indiana. The Good Samaritan.We've been to a medical convention in Paris. And while we were in Europe, I thought I'd like to see Morocco again.I was up around Casablanca with an Army field hospital, that's all.We looked in on Rome and Lisbon a few days.At the most we'll have three days.Would you like to share our taxi to the hotel?All right. But I'll serve the drinks in our suite.No. Now that's not a fair bargain.Well -- that's what we came here for. Okay, Jo? Simple one of those Arabian Nights?You'll do.See you later. And thinks again.The carriage awaits, madame.Hold on. Hold on! Here we go!What Arab?All right. Let's assume they knew each other, and Louis Bernard didn't bother to tell us. What does that mean?He struck me as quite normaLI know his name...and, uh....Now hold on. Wait a minute. We were just talking casually...What difference does it make? I have nothing to hide.Jo. I know this is mysterious Morocco. Inscrutable natives gliding through twisted, narrow streets, but --Then relax. You're just mad because he didn't ask any questions about you.Will you take care of the driver?My name is McKenna, Doctor McKenna.Oh come on.Right in there.Yeah. She is pretty good.I've had the same feeling. Often.Good.Excusez moi, mais is cherche la chambre do Monsieur Montgomery.Sorry, there's no Montgomery here.It's all right.Good evening. My name is McKenna.Sit down, Jo, please. People are staring at us.What people?Jo, will you stop imagining things?How do you do. We're Mr. and Mrs. McKenna.It's just that I'm a doctor... Yes. And a doctor's wife...I have nothing against working in New York. Nothing except the fact that it's very hard for my patients to come all the way from Indianapolis for treatment.Do you think we could get straightened around.It seems to me if you have four good fingers, and a thumb, you should use them all.That sounds like interesting work.Look, we only met him today. We can't expect him to change his whole life --Nothing! What's the matter with you?!Can you blame him? Turning down an old married couple for a date with a girl like that?I want to get up.Good. I'll just go over and cancel out.Yeah, there's a lot of that going around these days.Wouldn't you rather be in Now York -- rehearsing?Well, if you do -- let's talk about it -- seriously.You're probably right.Just like the county fairs when I was a kid. They'd get everything but the balloon ascension.That didn't sound too hilarious to me.You're probably right.I don't know whether or not to believe you.Including sleeping with a man who always smells of ether?Oh fine, fine. Haven't dropped anybody yet.All the way home we'll be riding on Herbie Taylor's ulcors.Oh, I know it's just a song and a dance here and there... but it's all he thinks about. Show business.He has a good mind. Give him a chance to develop it.I didn't say that.And for every matinee?Now If we could only get four cases of the Seven-year itch, we could retire. Or, if Mrs. Yarros really has triplets, we could at least redecorate the house.One of the reasons I came to a place like Marrakesh is so that we could say things like this without anybody hearing us.This is the safest place.Yeah -- but, but this is the first time I've heard the question!Hank! Hank -- come back here!Louis Bernard. Got something to write on?Yes. Yes. He's dead.Do we have to?What's more important -- why was he killed?I'll tell you later.I don't feel very good after what I said about Louis Bernard last night.I didn't know him at all. We only met yesterday on a bus.They'll have to believe me. It's true.That's right.A surgeon. A tourist, and an American citizen.I didn't have.A medical convention.I met him yesterday -- on the bus -- for the first time in my life.I know nothing about Louis Bernard.What's that?Now, look here...Boy, you not only ask the questions you also answer them -- Wait a minute let me ask you a question.Assuming Bernard trusted me as implicitly as you say, I would never reveal anything he said to me, would I?Let's get something straight. I'm a tourist traveling for pleasure. I somehow got involved in an unfortunate incident. I came down here to make a simple statement of fact, and not to be subjected to a police grilling.Now hold your horses! Just hold them.Wait a minute. A telephone call for me?Where?I'll take the call now. You just take it easy.Hello.This is McKenna. Who's calling me?Hello.Drayton!Didn't your wife say she was taking Hank straight back to the hotel?Call her. Somebody just threatened me about Hank. See if he's all right.Four fourteen.She didn't come back?Look -- you get back to the hotel right away -- and see if you can find out what's going on.I'll finish up with the police and join you as soon as I can.Just don't waste any time!It was the Concierge at the Hotel. He heard we were being held by the Police and thought there was some way he could help us.I told him if we weren't back there in fifteen minutes to call the American Consulate in Casablanca.Let's go, Jo.If it doesn't take too long.I don't -- I don't think you should.Because I didn't want to....is at stake, I know, But I'm not sure of what's the right thing to do.Maybe.I know.Jo...about Hank...Well...he...he's the kind of a kid who can take of himself.You get the key. I'll take care of the driver.Uh...pardon me.Do you know Mrs. Drayton?Did you see her come back from the market place anytime in the past hour or so?Wait a minute. You don't understand... she had a small boy with her. Mine.How about Mister Drayton?He what?He couldn't have.No, Mr. Drayton, the Englishman with horn-rimmed glasses.Jo, hold the call for a minute.Because I asked you to.I hope we don't.Wait 'til I come back.Something to relax you.Jo, they're for you. I'm the doctor.You know how you get when things happen -- tense and upset. Now do me a favor.Six months ago you weren't a witness to a murder. You've been excited, fatigued -- talking a blue streak and going around in circles.Jo, I make my living knowing when and how to administer medicine. You'll feel a lot better tomorrow if you take these today. But you don't think so. Okay, I'll make a deal with you.There's something about Louis Bernard, the police station, and this whole spy business that I haven't told you yet.This is the price of curiosity.There's one way to find out.Just a minute. This whole thing strange right from the very beginning.It was no accident that Louis Bernard helped us out on the bus, and struck up a conversation. You were right about him.Yes...yes, you were right about him. He was...was strange.He got talking to us because he was on the lookout for a suspicious married couple.He was wrong. It was a different married couple.No. He found them. In the restaurant. Last night. That's why he was killed.That's just who it was, Jo.Listen to me. And listen carefully.That phone call I received at the police station.It wasn't from the concierge at the hotel. It was from somebody with a foreign voice who said if I told anybody one word of what. Louis Bernard whispered to me in the market place that something...something might happen to...to, to Hank.They've taken him away.Mrs. Drayton has vanished! She never came back here! And Hank didn't either!Jo, Mr. Drayton, checked out of the hotel thirty or forty minutes ago!I wasn't sure, until now.Darling, if somebody did this to me, I'd say just what you said.There's still no news of him, Jo.Both the Draytons are definitely gone. The hotel register says they come from London. Drayton told the concierge he was a college professor. The only thing to do now is to get out of Marrakesh.As individuals we're helpless here. And because of that phone call, we can't bring the police in on it. I even thought of taking that chance.But connect Hank's disappearance to Louis Bernard's murder. And the first thing they'd do would be to make me tell them Louis Bernard's message. That...that could be, Hank's...well, it wouldn't help him.We're going to London.I found out. The Draytons had a private plane -- that's how they took Hank back. It could lend anywhere -- no question of a passport or anything.So we're going to London to find him.A Man...a statesman...is to be killed... assassinated ... in London...soon...very soon...tell them...in London...to try Ambrose Chappell... We're going to try this Ambrose Chappell and if he has anything at all to do with this, I'm going to offer him every cent I've got to got Hank back. This Ambrose Chappell guy is our only hope. Understand, Jo?We've only got a few hours, Jo! We have to got up and start moving.I've paid the bill, and there's a car waiting downstairs. As soon as I pack, we're leaving.I guess you're the kind of girl they don't forget.All I did was wire Val and Helen Parnell to get us rooms --But I didn't count on this --Yes? What is it?Whatever you say.Now what do you people want with us?Who is Mr. Buchanan?Why does Scotland Yard want to talk with us?What about Hank? What have you heard?I think they took him for money.Jo...That might be true, but --Now, don't try to frighten us, Mr. Buchanan.You worked on the wrong McKenna, Mr. Buchanan. Louis Bernard talked to me, not my wife.Bernard spoke in French, and I don't understand a word of the language.Maybe. Maybe isn't good enough for me, and it shouldn't be good enough for you.Now Jo, I didn't mean it that way. We made up our minds what we were going to do -- now let's try to stick to it.We'd like to cooperate with you, Mr. Buchanan -- but -- but we just can't.Well, maybe if we --Hank. This is daddy.Where are you, Hank? Where are you?Hank, where are you? For Heaven's sake, where are you?!!Do I have to say any more?It's fine. Just fine.Oh yes. Thank you.You'd better keep your book.The only clue we have which might lead us to Hank. The place and identity of Mr. Ambrose Chappell.There it is -- big as life -- Ambrose Chappell.Ambrose Chappell - Sixty-one Burdett Street. Camden Town. Telephone - Gulliver 6198.Don't you want me to call him?I'll try not to be too wrong.I'll offer to keep my mouth shut and give him all the money we have -- for Hank. Operator. Get me ... Gulliver 6198. Thank you.Hello, hello? Is this Ambrose Chappell? Mr. Ambrose Chappell? All right...I will...IIt's only business. It's nothing.Hello? Mr. Ambrose Chappell? I said is this Ambrose Chappell? ...Well this Mr. McKenna. Uh,...Doctor Benjamin McKenna.Well, uh, uh .. are you going to be at your address for a while? Uh huh, it's just some business. Nothing big. Uh huh, well thank you. I'll drop around.I can believe it. How do you do, Jan.Haven't you been home recently?He -- he's staying with some other people -- so we can have a little time to ourselves.I'm taking orders for drinks.Room service, please.Will you order the stuff?I'll be back in a little while.Thank you, but I'll catch up when I get back.It has to be done, Jo.You can't. I won't disappear. Promise.Two people are much easier to follow than one. We don't want Buchanan's men on our tracks. Or the other people, either. I'm going out by the service entrance --I...I'd like to speak to Mr. Ambrose Chappell, please.Well you see, I uh...Oh, of course, McKenna. Doctor Benjamin McKenna, I called you.You are Ambrose Chappell?You do?I'm Doctor Mckenna. Does the name mean anything to you?You have no idea why I came here?I was given your name by someone I happened to meet in Marrakesh.I suppose you've heard of him. Louis Bernard. A Frenchman.Let's stop fencing with words, huh? Bernard told me to come here, just before he died.You know it as well as I do. Now I came to make a business proposition. And I don't see how you can turn it down.You want to talk here?Okay. First of all, I haven't uttered one word of what Bernard told to before he died. And I won't. Frankly I'm not interested in political intrigue, and I don't care who it is you're going to kill here in London. All I want is that boy, and I'll get on the first plane for America.Now that isn't all. If money will do anything...You told him to call the police. Now don't try to bluff me like that!You don't know Louis Bernard?And you don't have any idea what went on in Marrakesh yesterday, or where my boy is?Now just a minute. Take it easy. I obviously got the wrong place. Now stay away from me.Where's Jo?But -- but, that's where I've been...Where is it! What's the address?Jo?No -- I drew a complete blank.I have the address, Jo. Now stay there until I get there...and don't do anything!Will you stick around? We'll be back as soon as we can. I don't know how to thank you.You may have just hit it right on the nose. You can't be farther wrong than I was with my Ambrose Chapel. Let's go.No, honey, please, no -- let's take a crack at this alone.This looks like mother wild goose chase.Look who's coming down the aisle.That's Buchanan's phone number. Go on out and call him and ask him to surround the place with police.Tell him...tell him everything. This is the time. I'm sure Hank is around here some place.I don't know how else to do it, honey.Where's my boy, Drayton?What do you want? I'll give you money and keep my mouth shut. All I want is my boy.Tell me what you want. I'll do anything.Hank! Hank McKenna! Hank! Where are you? Hank! Hank!Then he didn't kill him?Don't be a fool.Too bad you didn't contact your assistant. He sent us both here.You see, we finally needed that help you offered. We still need it....recognized him, and he recognized me. So he jumped for it. And that is all.If the Draytons are at the Embassy, Hank has to be there too!Why can't you?What does that mean in common language?Does that mean they can steal children and get away with it?What's the telephone number of this Embassy.Grosvenor 0144.I'm going to speak to the Minister himself.May I speak to the Prime Minister, please?Tell him the lady who saved his life wants to speak to him. Its important.I'm sure she would be glad to... wouldn't you dear?No...I'll just stand over here.I don't think you want to start any shooting, Drayton -- with all those people downstairs, and police outside.Don't ask me for help, you miserable....There won't be. Hank -- don't say or do anything.I'm sorry we were gone so long, Val, but we had to go and pick up Hank.", "clean_lines": "hank northern africa we re only a hundred miles north of the sahara desert just wait till you see marrakesh you bet it does now wait a minute  wait a minute  simmer down i d like to thank you  without your help  anything might have happened may i introduce my wife  mrs  mckenna and this is our son  hank oh  sure  sure  0f course  next to jo  there oh  uh   that s my wife s name  jo  jay oh  no  e  for josephine  called her jo so long  nobody knows her by any other name i m a doctor he can spell  haemoglobin     but he has trouble with  cat  and  dog  indianapolis  indiana  the good samaritan we ve been to a medical convention in paris  and while we were in europe  i thought i d like to see morocco again i was up around casablanca with an army field hospital  that s all we looked in on rome and lisbon a few days at the most we ll have three days would you like to share our taxi to the hotel all right  but i ll serve the drinks in our suite no  now that s not a fair bargain well    that s what we came here for  okay  jo  simple one of those arabian nights you ll do see you later  and thinks again the carriage awaits  madame hold on  hold on  here we go what arab all right  let s assume they knew each other  and louis bernard didn t bother to tell us  what does that mean he struck me as quite normali know his name   and  uh    now hold on  wait a minute  we were just talking casually   what difference does it make  i have nothing to hide jo  i know this is mysterious morocco  inscrutable natives gliding through twisted  narrow streets  but   then relax  you re just mad because he didn t ask any questions about you will you take care of the driver my name is mckenna  doctor mckenna oh come on right in there yeah  she is pretty good i ve had the same feeling  often good excusez moi  mais is cherche la chambre do monsieur montgomery sorry  there s no montgomery here it s all right good evening  my name is mckenna sit down  jo  please  people are staring at us what people jo  will you stop imagining things how do you do  we re mr  and mrs  mckenna it s just that i m a doctor    yes  and a doctor s wife   i have nothing against working in new york  nothing except the fact that it s very hard for my patients to come all the way from indianapolis for treatment do you think we could get straightened around it seems to me if you have four good fingers  and a thumb  you should use them all that sounds like interesting work look  we only met him today  we can t expect him to change his whole life   nothing  what s the matter with you  can you blame him  turning down an old married couple for a date with a girl like that i want to get up good  i ll just go over and cancel out yeah  there s a lot of that going around these days wouldn t you rather be in now york    rehearsing well  if you do    let s talk about it    seriously you re probably right just like the county fairs when i was a kid  they d get everything but the balloon ascension that didn t sound too hilarious to me you re probably right i don t know whether or not to believe you including sleeping with a man who always smells of ether oh fine  fine  haven t dropped anybody yet all the way home we ll be riding on herbie taylor s ulcors oh  i know it s just a song and a dance here and there    but it s all he thinks about  show business he has a good mind  give him a chance to develop it i didn t say that and for every matinee now if we could only get four cases of the seven year itch  we could retire  or  if mrs  yarros really has triplets  we could at least redecorate the house one of the reasons i came to a place like marrakesh is so that we could say things like this without anybody hearing us this is the safest place yeah    but  but this is the first time i ve heard the question hank  hank    come back here louis bernard  got something to write on yes  yes  he s dead do we have to what s more important    why was he killed i ll tell you later i don t feel very good after what i said about louis bernard last night i didn t know him at all  we only met yesterday on a bus they ll have to believe me  it s true that s right a surgeon  a tourist  and an american citizen i didn t have a medical convention i met him yesterday    on the bus    for the first time in my life i know nothing about louis bernard what s that now  look here   boy  you not only ask the questions you also answer them    wait a minute let me ask you a question assuming bernard trusted me as implicitly as you say  i would never reveal anything he said to me  would i let s get something straight  i m a tourist traveling for pleasure  i somehow got involved in an unfortunate incident  i came down here to make a simple statement of fact  and not to be subjected to a police grilling now hold your horses  just hold them wait a minute  a telephone call for me where i ll take the call now  you just take it easy hello this is mckenna  who s calling me hello drayton didn t your wife say she was taking hank straight back to the hotel call her  somebody just threatened me about hank  see if he s all right four fourteen she didn t come back look    you get back to the hotel right away    and see if you can find out what s going on i ll finish up with the police and join you as soon as i can just don t waste any time it was the concierge at the hotel  he heard we were being held by the police and thought there was some way he could help us i told him if we weren t back there in fifteen minutes to call the american consulate in casablanca let s go  jo if it doesn t take too long i don t    i don t think you should because i didn t want to    is at stake  i know  but i m not sure of what s the right thing to do maybe i know jo   about hank   well   he   he s the kind of a kid who can take of himself you get the key  i ll take care of the driver uh   pardon me do you know mrs  drayton did you see her come back from the market place anytime in the past hour or so wait a minute  you don t understand    she had a small boy with her  mine how about mister drayton he what he couldn t have no  mr  drayton  the englishman with horn rimmed glasses jo  hold the call for a minute because i asked you to i hope we don t wait  til i come back something to relax you jo  they re for you  i m the doctor you know how you get when things happen    tense and upset  now do me a favor six months ago you weren t a witness to a murder  you ve been excited  fatigued    talking a blue streak and going around in circles jo  i make my living knowing when and how to administer medicine  you ll feel a lot better tomorrow if you take these today  but you don t think so  okay  i ll make a deal with you there s something about louis bernard  the police station  and this whole spy business that i haven t told you yet this is the price of curiosity there s one way to find out just a minute  this whole thing strange right from the very beginning it was no accident that louis bernard helped us out on the bus  and struck up a conversation  you were right about him yes   yes  you were right about him  he was   was strange he got talking to us because he was on the lookout for a suspicious married couple he was wrong  it was a different married couple no  he found them  in the restaurant  last night  that s why he was killed that s just who it was  jo listen to me  and listen carefully that phone call i received at the police station it wasn t from the concierge at the hotel  it was from somebody with a foreign voice who said if i told anybody one word of what  louis bernard whispered to me in the market place that something   something might happen to   to  to hank they ve taken him away mrs  drayton has vanished  she never came back here  and hank didn t either jo  mr  drayton  checked out of the hotel thirty or forty minutes ago i wasn t sure  until now darling  if somebody did this to me  i d say just what you said there s still no news of him  jo both the draytons are definitely gone  the hotel register says they come from london  drayton told the concierge he was a college professor  the only thing to do now is to get out of marrakesh as individuals we re helpless here  and because of that phone call  we can t bring the police in on it  i even thought of taking that chance but connect hank s disappearance to louis bernard s murder  and the first thing they d do would be to make me tell them louis bernard s message  that   that could be  hank s   well  it wouldn t help him we re going to london i found out  the draytons had a private plane    that s how they took hank back  it could lend anywhere    no question of a passport or anything so we re going to london to find him a man   a statesman   is to be killed    assassinated     in london   soon   very soon   tell them   in london   to try ambrose chappell    we re going to try this ambrose chappell and if he has anything at all to do with this  i m going to offer him every cent i ve got to got hank back  this ambrose chappell guy is our only hope  understand  jo we ve only got a few hours  jo  we have to got up and start moving i ve paid the bill  and there s a car waiting downstairs  as soon as i pack  we re leaving i guess you re the kind of girl they don t forget all i did was wire val and helen parnell to get us rooms   but i didn t count on this   yes  what is it whatever you say now what do you people want with us who is mr  buchanan why does scotland yard want to talk with us what about hank  what have you heard i think they took him for money jo   that might be true  but   now  don t try to frighten us  mr  buchanan you worked on the wrong mckenna  mr  buchanan  louis bernard talked to me  not my wife bernard spoke in french  and i don t understand a word of the language maybe  maybe isn t good enough for me  and it shouldn t be good enough for you now jo  i didn t mean it that way  we made up our minds what we were going to do    now let s try to stick to it we d like to cooperate with you  mr  buchanan    but    but we just can t well  maybe if we   hank  this is daddy where are you  hank  where are you hank  where are you  for heaven s sake  where are you   do i have to say any more it s fine  just fine oh yes  thank you you d better keep your book the only clue we have which might lead us to hank  the place and identity of mr  ambrose chappell there it is    big as life    ambrose chappell ambrose chappell   sixty one burdett street  camden town  telephone   gulliver 6198 don t you want me to call him i ll try not to be too wrong i ll offer to keep my mouth shut and give him all the money we have    for hank  operator  get me     gulliver 6198  thank you hello  hello  is this ambrose chappell  mr  ambrose chappell  all right   i will   iit s only business  it s nothing hello  mr  ambrose chappell  i said is this ambrose chappell     well this mr  mckenna  uh    doctor benjamin mckenna well  uh  uh    are you going to be at your address for a while  uh huh  it s just some business  nothing big  uh huh  well thank you  i ll drop around i can believe it  how do you do  jan haven t you been home recently he    he s staying with some other people    so we can have a little time to ourselves i m taking orders for drinks room service  please will you order the stuff i ll be back in a little while thank you  but i ll catch up when i get back it has to be done  jo you can t  i won t disappear  promise two people are much easier to follow than one  we don t want buchanan s men on our tracks  or the other people  either  i m going out by the service entrance   i   i d like to speak to mr  ambrose chappell  please well you see  i uh   oh  of course  mckenna  doctor benjamin mckenna  i called you you are ambrose chappell you do i m doctor mckenna  does the name mean anything to you you have no idea why i came here i was given your name by someone i happened to meet in marrakesh i suppose you ve heard of him  louis bernard  a frenchman let s stop fencing with words  huh  bernard told me to come here  just before he died you know it as well as i do  now i came to make a business proposition  and i don t see how you can turn it down you want to talk here okay  first of all  i haven t uttered one word of what bernard told to before he died  and i won t  frankly i m not interested in political intrigue  and i don t care who it is you re going to kill here in london  all i want is that boy  and i ll get on the first plane for america now that isn t all  if money will do anything   you told him to call the police  now don t try to bluff me like that you don t know louis bernard and you don t have any idea what went on in marrakesh yesterday  or where my boy is now just a minute  take it easy  i obviously got the wrong place  now stay away from me where s jo but    but  that s where i ve been   where is it  what s the address jo no    i drew a complete blank i have the address  jo  now stay there until i get there   and don t do anything will you stick around  we ll be back as soon as we can  i don t know how to thank you you may have just hit it right on the nose  you can t be farther wrong than i was with my ambrose chapel  let s go no  honey  please  no    let s take a crack at this alone this looks like mother wild goose chase look who s coming down the aisle that s buchanan s phone number  go on out and call him and ask him to surround the place with police tell him   tell him everything  this is the time  i m sure hank is around here some place i don t know how else to do it  honey where s my boy  drayton what do you want  i ll give you money and keep my mouth shut  all i want is my boy tell me what you want  i ll do anything hank  hank mckenna  hank  where are you  hank  hank then he didn t kill him don t be a fool too bad you didn t contact your assistant  he sent us both here you see  we finally needed that help you offered  we still need it    recognized him  and he recognized me  so he jumped for it  and that is all if the draytons are at the embassy  hank has to be there too why can t you what does that mean in common language does that mean they can steal children and get away with it what s the telephone number of this embassy grosvenor 0144 i m going to speak to the minister himself may i speak to the prime minister  please tell him the lady who saved his life wants to speak to him  its important i m sure she would be glad to    wouldn t you dear no   i ll just stand over here i don t think you want to start any shooting  drayton    with all those people downstairs  and police outside don t ask me for help  you miserable    there won t be  hank    don t say or do anything i m sorry we were gone so long  val  but we had to go and pick up hank "}, "DRAYTON": {"raw_lines": "Est-ce que vous etes libre? Jevous prend.How do you do, sir!My wife tells me Mrs. McKenna appeared at the London Palladium a few years ago.And I must admit I love 'em. I'm not one for this terrible Bee Bop or whatever you call it.Only the first two fingers and thumb of the right hand. Never use the smaller fingers. And always keep the left hand in the lap.More social than religious, I'd say.Well, as I was saying, I was quite happy farming my bit of land It Buckinghamshire, when these chaps from the United Nations started worrying me.So, I pulled myself up by the roots, and here we are. United Nations Relief.You should see my report on soil erosion in Morocco... But nobody reads it.By the way, it'd be pleasant if you'd let us show you round the market place, tomorrow.How are the acrobats today?Il ne parle pas francais. Je traduir\u00e1i.He wants to find out if you know this man.McKenna.Just as I thought. He wants both of you to go to police headquarters to make a statement.I'm afraid so. Our friends here have to go to the police Station. I'm going with them to give what help I can.I think we'd better set off. Heaven knows how long we shall be.Once we talk to the police inspector, I'll do my best to out some of the red tape.I'm afraid the questions will go on till doomsday, if you admit knew this chap Bernard before.They're a cynical lot, these French -- they might refuse to believe that.It might sound a bit odd, from their point of view. They saw the poor chap whispering to you ... and then they saw you writing something down...The question is, are you going to show them what you wrote down?Ces personnes sont mes bons amis, les McKenna. Mon nom est Drayton. Ils ne parlent pas francais et ils m'ont demand\u00e9 de traduire.As I recall. Why?Passez moi l'h\u00f4tel Mamounia, s'il vous plait. Voulez vous appeler la chambre deux cents dix sept s'il vous plait.... je vois, Puis-je parler au, concierge?...Ah! ici Mr. Drayton de la chambre deux cents dix sept. Est ce que ma femme est revenue a l'h\u00f4tel depuis une heure? Sa chambre ne r\u00e9pond pas.... je vois... bien... bien... merci... Oh! Un instant s'il vous plait.Voulez vous essayer la chambre quatre cents quatorze?...Merci.I can't believe it.At least nobody's seen her. What on earth...It's so unlike my wife...Right. But don't worry. Probably some stupid misunderstanding. If I find out anything before you get back, I'll ring you here.That's not a very orthodox sentiment.Two excellent tickets for the concert at the Albert Hall -- with my compliments.Your box is nicely placed, or shall we say strategically placed.Now for the most important part.A record of the delightful Picco they will play tonight.Music is less in your line than marksmanship. If you will listen, my friend, I will play for you the exact moment at which you can shoot. Now listen carefully.Let me do it for you again. Now listen for the cymbal crash.You see at such a moment your shot will not be heard. The listeners will not even be disturbed. I think the composer would have appreciated that. No one will know.Ah, yes -- if you are clever, my friend. Any questions musical or otherwise?There's's one comforting thought. It happens early in the evening. I hope I won't upset you if I say there's time for one shot only. If you need another, the risk is yours.That's a comfort -- traipsing all the way down to Marrakesh to fetch you I should like you to do me credit.Your distinguished target's on the way there now. A car is waiting for you downstairs at the back entrance. You will pick up a Miss Benson on your way. She will be your companion in the box. She's there to lend an air of respectability...if that's possible.I think you can trust me.I think you had better be going. It is impolite to be late for a concert. It would be awkward if they made you wait until the first selection is over.See him downstairs, my dear. I'm sorry you must sneak out the back way, but we have to preserve our respectable front.Brothers and Sisters: The subject of my address this evening is adversity. The average life, yours and mine, is often harassed and perplexed by cruelties and disappointments beyond our control.Few of us pause to think how life's adversities work in our behalf, to make better men and women of us.But I believe we should pause now to do a little stock-taking -- to look into our own hearts and see what we find there. Therefore instead of continuing the service, I think we should all return to our homes for private meditation, remembering how little we have to complain of and how much to be grateful for. Next week I shall discuss the fruits of our meditation. Until then, my blessing upon each and every one of you.Well this is a pleasant surprise, Doctor.He's upstairs. As a matter of fact you've just come in time to help my wife with Hank's food. Seems Hank doesn't care much for English cooking.And what about your wife? Did she go outside just to get some fresh air.All right -- you'll see your boy in good time.Excuse me sir, I have a lot to explain to you -- something very unusual has happened. I must also have the money to pay our French marksman.I don't see how you can hold me responsible. He was most warmly recommended by our people in Marrakesh...I don't know what to say ...How else could I make sure the American would hold his tongue?I didn't think...I only thought...There's no difficulty about that, surely? The car --I'll think of some method. Just give me time....Right, I'll see to it..You two wait in the mail room. I'll bring him down.I won't be a minute.Precisely my own notion, my dear.I'm sure you'll ba sensible, and help me out of here?You wouldn't want your father to get hurt, would you?We'll go down the stairs together in a casual sort of way. Then we'll stroll along to the nearest taxi rank. I trust there won't be any emotional outbursts...Shall we go?", "clean_lines": "est ce que vous etes libre  jevous prend how do you do  sir my wife tells me mrs  mckenna appeared at the london palladium a few years ago and i must admit i love  em  i m not one for this terrible bee bop or whatever you call it only the first two fingers and thumb of the right hand  never use the smaller fingers  and always keep the left hand in the lap more social than religious  i d say well  as i was saying  i was quite happy farming my bit of land it buckinghamshire  when these chaps from the united nations started worrying me so  i pulled myself up by the roots  and here we are  united nations relief you should see my report on soil erosion in morocco    but nobody reads it by the way  it d be pleasant if you d let us show you round the market place  tomorrow how are the acrobats today il ne parle pas francais  je traduir i he wants to find out if you know this man mckenna just as i thought  he wants both of you to go to police headquarters to make a statement i m afraid so  our friends here have to go to the police station  i m going with them to give what help i can i think we d better set off  heaven knows how long we shall be once we talk to the police inspector  i ll do my best to out some of the red tape i m afraid the questions will go on till doomsday  if you admit knew this chap bernard before they re a cynical lot  these french    they might refuse to believe that it might sound a bit odd  from their point of view  they saw the poor chap whispering to you     and then they saw you writing something down   the question is  are you going to show them what you wrote down ces personnes sont mes bons amis  les mckenna  mon nom est drayton  ils ne parlent pas francais et ils m ont demand  de traduire as i recall  why passez moi l h tel mamounia  s il vous plait  voulez vous appeler la chambre deux cents dix sept s il vous plait     je vois  puis je parler au  concierge    ah  ici mr  drayton de la chambre deux cents dix sept  est ce que ma femme est revenue a l h tel depuis une heure  sa chambre ne r pond pas     je vois    bien    bien    merci    oh  un instant s il vous plait voulez vous essayer la chambre quatre cents quatorze    merci i can t believe it at least nobody s seen her  what on earth   it s so unlike my wife   right  but don t worry  probably some stupid misunderstanding  if i find out anything before you get back  i ll ring you here that s not a very orthodox sentiment two excellent tickets for the concert at the albert hall    with my compliments your box is nicely placed  or shall we say strategically placed now for the most important part a record of the delightful picco they will play tonight music is less in your line than marksmanship  if you will listen  my friend  i will play for you the exact moment at which you can shoot  now listen carefully let me do it for you again  now listen for the cymbal crash you see at such a moment your shot will not be heard  the listeners will not even be disturbed  i think the composer would have appreciated that  no one will know ah  yes    if you are clever  my friend  any questions musical or otherwise there s s one comforting thought  it happens early in the evening  i hope i won t upset you if i say there s time for one shot only  if you need another  the risk is yours that s a comfort    traipsing all the way down to marrakesh to fetch you i should like you to do me credit your distinguished target s on the way there now  a car is waiting for you downstairs at the back entrance  you will pick up a miss benson on your way  she will be your companion in the box  she s there to lend an air of respectability   if that s possible i think you can trust me i think you had better be going  it is impolite to be late for a concert  it would be awkward if they made you wait until the first selection is over see him downstairs  my dear  i m sorry you must sneak out the back way  but we have to preserve our respectable front brothers and sisters  the subject of my address this evening is adversity  the average life  yours and mine  is often harassed and perplexed by cruelties and disappointments beyond our control few of us pause to think how life s adversities work in our behalf  to make better men and women of us but i believe we should pause now to do a little stock taking    to look into our own hearts and see what we find there  therefore instead of continuing the service  i think we should all return to our homes for private meditation  remembering how little we have to complain of and how much to be grateful for  next week i shall discuss the fruits of our meditation  until then  my blessing upon each and every one of you well this is a pleasant surprise  doctor he s upstairs  as a matter of fact you ve just come in time to help my wife with hank s food  seems hank doesn t care much for english cooking and what about your wife  did she go outside just to get some fresh air all right    you ll see your boy in good time excuse me sir  i have a lot to explain to you    something very unusual has happened  i must also have the money to pay our french marksman i don t see how you can hold me responsible  he was most warmly recommended by our people in marrakesh   i don t know what to say    how else could i make sure the american would hold his tongue i didn t think   i only thought   there s no difficulty about that  surely  the car   i ll think of some method  just give me time    right  i ll see to it  you two wait in the mail room  i ll bring him down i won t be a minute precisely my own notion  my dear i m sure you ll ba sensible  and help me out of here you wouldn t want your father to get hurt  would you we ll go down the stairs together in a casual sort of way  then we ll stroll along to the nearest taxi rank  i trust there won t be any emotional outbursts   shall we go "}}