{"BETTY": {"raw_lines": "How was your day?Oh darling that's wonderful! I always knew you could do it.It might be.What's that Bud?Darling that's wonderful. Except there's no such word as \"swellest\".Oh--what's a mother to do?Bud. Mary Sue ... Breakfast is on the table.Bu-ud ... Mary Sue ... Your breakfast is getting cold.Well, come on kids. You're not going off to school without a hot breakfast inside you ...Forward march.I just love you in that sweater Mary-Sue. It's so flattering.I put blueberries in them just the way you like.Oh nonsense young lady. You're going to start your day with a nice big breakfast.Here. Why don't you have some waffle cakes. And there's sausage and eggs and some good crisp bacon ... ... And a ham steak.... And of course, a nice big bowl of oatmeal.Bud?Why no. She's still on her date with Biff ... is something the matter?Oh, George ...Do you want some more cookies?How 'bout some Marshmallow Rice Squares?Now who could that be.Hello Bill.Bud. It's 7:30 in the morning. Are you watching television?Well that makes sense.Uh ... Seven hearts.Mary Sue?Can I ask you a question?What goes on up at Lover's Lane?Well, you hear all these things lately. You know--kids spending so much time up there ... Is it holding hands? That kind of thing?What?No. I want to know.Ah.What's sex?Yes.Yes ... It's just that ...Well ... ... Your father would never do anything like that.Yeah ... I'm just going to take a bath first.What am I going to do?I can't go out there. How can I go out there?Look at me ...In my handbag.What?Does it look okay?And they won't be able to tell?What?Thank you.I'm sorry ...I just thought ... It's beautiful.I think it looks nice.Oh my ...Where'd you get this?Bud?She's crying.She's crying.Yes she is.I've got to go ...No ...What is that?But I really should get home.Sounds nice ... Once you get used to it.Like a drum.I told you where I was.I got caught in the storm. You were gone all night too.I told you, George. I'm not going.No I'm not.Look at me George. That meeting's not for me. Look at my face.I don't want to put on some make up ...I don't want it to go away.No I'm not sweetie.... There's a meatloaf in the fridge. You just put it in the oven and turn this little knob up to three-fifty. If you put the pie in forty minutes later, it'll be hot in time for dessert.I made a couple of lunches for you and put them in brown paper bags ... I'm gonna go now.I'm gonna go now.No. Let's get out of here.I made you these for the trip. They're marshmallow rice squares.I had to say goodbye.There's a meatloaf sandwich in there too. Don't go skipping dinner just 'cause you're not here anymore.And ... wear this on the trip in case it gets cold.I'm so proud of you, Bud.I love you too.Well ...", "clean_lines": "how was your day oh darling that s wonderful  i always knew you could do it it might be what s that bud darling that s wonderful  except there s no such word as  swellest  oh  what s a mother to do bud  mary sue     breakfast is on the table bu ud     mary sue     your breakfast is getting cold well  come on kids  you re not going off to school without a hot breakfast inside you    forward march i just love you in that sweater mary sue  it s so flattering i put blueberries in them just the way you like oh nonsense young lady  you re going to start your day with a nice big breakfast here  why don t you have some waffle cakes  and there s sausage and eggs and some good crisp bacon         and a ham steak     and of course  a nice big bowl of oatmeal bud why no  she s still on her date with biff     is something the matter oh  george    do you want some more cookies how  bout some marshmallow rice squares now who could that be hello bill bud  it s 7 30 in the morning  are you watching television well that makes sense uh     seven hearts mary sue can i ask you a question what goes on up at lover s lane well  you hear all these things lately  you know  kids spending so much time up there     is it holding hands  that kind of thing what no  i want to know ah what s sex yes yes     it s just that    well         your father would never do anything like that yeah     i m just going to take a bath first what am i going to do i can t go out there  how can i go out there look at me    in my handbag what does it look okay and they won t be able to tell what thank you i m sorry    i just thought     it s beautiful i think it looks nice oh my    where d you get this bud she s crying she s crying yes she is i ve got to go    no    what is that but i really should get home sounds nice     once you get used to it like a drum i told you where i was i got caught in the storm  you were gone all night too i told you  george  i m not going no i m not look at me george  that meeting s not for me  look at my face i don t want to put on some make up    i don t want it to go away no i m not sweetie     there s a meatloaf in the fridge  you just put it in the oven and turn this little knob up to three fifty  if you put the pie in forty minutes later  it ll be hot in time for dessert i made a couple of lunches for you and put them in brown paper bags     i m gonna go now i m gonna go now no  let s get out of here i made you these for the trip  they re marshmallow rice squares i had to say goodbye there s a meatloaf sandwich in there too  don t go skipping dinner just  cause you re not here anymore and     wear this on the trip in case it gets cold i m so proud of you  bud i love you too well    "}, "DAVID": {"raw_lines": "\"It might be ...\"\"Right behind you father.\"What's a mother to do?Hi. I mean ... ... Hi.Look. You probably don't think I should be asking you this. I mean--not knowing you well and all ...I mean I know you--everybody knows you ... I just don't know you ... technically.Well--I was just wondering--'cause I see you all the time in Algebra and I heard you humming that Van Halen song and I really like that song too ... Anyhow, I don't know what you're doing this weekend but my Mom's leaving town and she said I could use her car so ...Easy. Mr. Jenkins. What JOB did Mr. Jenkins have?Salesman. What did Bud and Mary Sue name the cat they found in the gutter?Marmalade.Okay--here's one: Why did their parents come home early from their weekend at the lake?'Cause Bud didn't answer the phone and they were worried about him.Marathon starts at 6:30. Contest's tomorrow at noon.Of course it is Howard. That's why they call it a Marathon.... He's not homeless Howard, they just don't say where he lives. Well it's a silly question. Because nobody's homeless in Pleasantville.... because that's just not what it's like.Listen Howard--it's almost six-thirty. I gotta go.What are you doing?Well great. The Pleasantville Marathon starts at six thirty.Yeah. Every episode ever.Weil great. You can watch TV upstairs.Oh my God ... Oh my God ...No you can't, Jen! It's a new TV. It doesn't work without a remote.Yeah ... Sort of ...You know, we didn't call any TV repair.The Pleasantville Marathon starts at six thirty.... Her father.... Like Prince Charming.Yeah ...McIntire's.No. McIntire's. Remember: \"For the very best in men's attire, Head right down to McIntire's.\"Ooomph?How much does it cost?Hunh.Great.No way.Forget it Jen, I've waited a year for this.Get lost!Oh my God.I'm not sure.I don't know.What the hell's going on!We're in Pleasantville?You--you gotta get us out of here.Because we don't belong!My name's David.Look--we appreciate it. We really do. We just--we want to go home now.Don't get upset.Where are you going ...WAIT A MINUTE!!COME BACK!!!Oh God.I don't know ... It's not possible ... Is it possible?It can't be possible.I don't believe this.Just take deep breaths.We're supposed to be in school.Hello Mr. Simpson.Oh yeah. A Buick. It's swell.Owns the hardware store.We just gotta play along for a little while ... till that guy shows up again. Then I'll talk to him and ...Well, yeah. I'm ... Bud Parker and you're ... um--Mary Sue.We don't have a choice Jen. We're stuck until he comes back.To who?Biff Martin. Captain of the basketball team.As a matter of fact he does.Peggy Jane, Lisa Anne and Betty Jean.I don't think so.Wow.Oh God! Are we in that episode?I don't believe it.You want to ask her out tonight, right? And then you want to give her your school pin ...Lucky guess. Look, Biff ... I don't think it's a real good time for that right now ...What I mean is ... Mary Sue's been a little \"different\" lately ...I didn't say that. It's just that right now ...Look, I'm sure we'll work something out. I'll talk to her or something.Honest. It'll be fine.One date, Jen--that's all I'm asking. If you don't go out with this guy we could throw their whole universe out of whack.What?What were you doing in a library?JENNIFER!Jen, listen ...I'll get us out of here. I really will. But if we don't play along we could alter their whole existence. We may never get home.It's in your closet.He won't notice anyway.They don't notice that kind of thing.Jen please ...Just go with the program--hunh? I'm late for work.Sorry ... I had to help my folks and then I couldn't find my hat ...What's wrong?Yeah ...I'm sorry.You know, if this ever happens again, you can make the fries even if I haven't put out the napkins yet.I understand.Peppermint shake, chocolate soda, two orders of fries and a split?What?Listen to me!Do you have the lettuce?Have you cooked the burgers?Well you can just put on the lettuce, finish the burger and pretend it was me doing it all along.Really. It's fine.What can I get you two?Couple of cheeseburgers and two cherry cokes. If you need anything, I'll be right over there.NOOOOOO!YOU CAN'T DO THIS JENNIFER! HE DOESN'T EXIST! YOU CAN'T DO THIS TO SOMEONE WHO DOESN'T EXIST!Thanks a lot.Have you seen Mary Sue?No, I ... I was just ... worried about her.Oh no ... I'm fine.I'm fine.Oh hi!Oh, yeah. Sorry. I'm fine. I just ... Had to get home early.Yeah ...Yeah ...Well, look, thanks for coming by. I ... really appreciate it.What did you do to him?What do you mean \"nothing?\" That's not nothing. That's ...Oh no ...Oh my God ...You can't do this, Jennifer. I WARNED you.You don't understand. You're messing with their UNIVERSE.You have no right to do this.They're happy like this.I just don't think we have the right to ...They don't have that kind of potential.What'll it be?Really? It seems so fattening.Two cheeseburgers, two cherry cokes.Look. I thought we talked about this, I thought we said ...C'mere.What did you say?What are you talking about! You make hamburgers! That is the point!Just listen to me ...Forget about that!Look, you can't always like what you do. Sometimes you just do it because it's your job. And even if you don't like it, you just gotta do it anyway.So they can have their hamburgers!... What's that?Wow ... That's pretty good ...I think you should try not to think about this anymore.Yeah.Oh my God!Jesus Christ ...FIRE! FIRE!FIRE ... FIRE ...CAT!!!Right here!Here! Grab this nozzle.Just grab it!Okay! Now point this right at the flames--like this.Oh. Thanks, Margaret.Oh, no ... You baked those for Whitey.No. You baked them for Whitey.Um ... thanks.It's okay.It's fine.Sure.How you doin?What?Well--where I used to live ... That's just what firemen did.Um ... Outside of Pleasantville.Look it doesn't matter. It's not important.It's really not important.Well ... There are some places where the road doesn't go in a circle. There are some places where it keeps on going.Well--it all just keeps going. Roads ... rivers ...... What?I thought the books were blank?The pages filled in?Well, yeah ... I do.Well--see ... they're both running away--Huck and the slave ... And ... They go up the river ... But--in trying to get free they sort of see that they're free already.Oh my God.Hunh? Oh yeah ... Well this is great. See--Holden Caulfield is like this really lonely kid...I'll get her.Are you okay?Are you alright?It's okay. It's alright.Have you got any make up?Okay--first we'll dry you out a little.Looks just like it did.No ... They won't be able to tell.Wait.It's fine.Sure.Hi.I brought you something ... From the library.It's an art book.Open it.I just thought since you liked painting it might help to ...What's wrong?Oh, well--you're just starting out. I mean, you can't do it ...Hi.Look, I probably shouldn't be asking you this--not knowing you that well and all ...It's just that my folks are gonna stay home and they said I could use their car. ... You want to go out with me tonight?... Lover's Lane?Sorry ...\"Oh when the Saints ... Go Marching in ...\"... Hi.I can't.Talk about it. Right now, I mean. I got to ... um ...Oh ... I do. Yeah. It's just that I told my \"dad\" I'd clean out the rain gutters and Mr. Johnson wanted me to ... to change the tape in the register ...Re-runs?Oh, I know they're not. But I mean-- they're just \"cookies\" after all ...Well they're not just cookies. I mean, they're great cookies ... Look, I'd love to get into this whole thing but I'm really running late. Why don't we hook up tomorrow?Terrific. I'll talk to you then.Nothing.Listen ...You're reading?... Yeah.That's great.Well ... I just ... Can I ask you a question?Remember when you told me that Lisa Rosenberg liked me?Well--did she really like me or were you just making that up.You weren't playing a joke? She woulda gone out with me?Wow.Yes.What?Oh, I don't know. Maybe ... ... it's not just the sex ...Oh ... Right.Wow.What's that smell?Mmmmgh.Yeah ... I guess. I don't know.What?Oh. don't know ... It's different.Well it's louder ... And scarier I guess ... And ... and a lot more dangerous ...Yeah.Well it's big. And it's blue ... ... It's really really blue.Hunh?They just grow like that?Rain.Yeah ... You don't have rain either?Right. Of course you don't ...We'll just put up the top.It's fine. Come on.It's alright. There's nothing to be afraid of.I got you something.It was a prop for the school play ...Sure ...Hello Whitey.No reason. How come you're not?Why don't you guys just get the hell out of here.It's fine ... It doesn't mean anything.Oh--well ...What do you mean?Look--it just sort of \"happened\" ...I had nothing to do with that.Look ...... Only if they mean it.I didn't do anything wrong.Why?No you're not.I'm sorry ... I can't let you do that.I'm going to leave now.Come on!COME ON!Get out of here!Are you alright?What?Come on.Oh my God.Are you alright? Are you okay?We should be okay up here.We better go.I'm not sure.Oh my God.It's okay. It's me.Let's go inside.Hello?Well he's right. Come on. Let's turn these booths back up. \"Mary Sue\", why don't you help me slide this in front of the door. We'll be okay in here.\"THREE: The area commonly known as Lover's Lane as well as the Pleasantville Public Library shall be closed until further notice.\"\"FOUR: The only permissible recorded music shall be the following: Pat Boone, Johnny Mathis, Perry Como, Jack Jones, The marches of John Phillips Souza or the Star Spangled Banner. In no event shall any music be tolerated that is not of a temperate or \"pleasant\" nature.\"\"FIVE: There shall be no public sale of umbrellas or preparation for inclement weather of any kind.\"\"SIX: No bedframe or mattress may be sold measuring more than 38 inches wide.\" \"SEVEN: The only permissible exterior paint colors shall be BLACK, WHITE or GRAY, despite the recent availability of certain alternatives.\"\"EIGHT: All elementary and high school curriculums shall teach the \"non-changist\" view of history-- emphasizing \"continuity\" over \"alteration.\" Wow.Sure you are.Stick together till you get off Main Street.It's okay. We'll get you a new one.Maybe I have an idea.Yes I did.Yes I do.Because anybody should be able to paint in whatever color they want.Still doesn't make it right.C'mere, Dan. I'll help you.I thought it might be you.I am actually ... Glad to see you've finally shown your true colors.Why?Why don't you just take me back without it?So ... I guess as long as I'm here, all sorts of things could happen to this place. We could have pink lawns and blue trees ...I'm sorry. I can't do that.They weren't my memories. I borrowed them. It's no good when you borrow them.I don't know ... Three, four weeks.I'm going on trial tomorrow?There's worse places.Um ... Yes I do. Where's our lawyer?Well--it was dark out ...It was accessible to everyone.I think I've got something to say.I think I know why you're doing this. I mean, I understand why you're doing this. I used to feel the same way. I used to want this place to stay just the way it was. I never wanted it to change ...But nothing stays the same. You get things, and you lose things, and that's the good part and the bad part--but you can't have a good part without a bad part.It's like the basketball team.Sure. Everybody's upset because they're not winning anymore--but just think how it would feel if all of a sudden they do win.Wouldn't it feel better than when they used to win all the time?See, I know you want it to stay \"Pleasant\" but there are so many things that are so much better: like Silly ... or Sexy ... or Dangerous ... or Wild ... or Brief ... And every one of those things is in you all the time if you just have the guts to look for them. Look at those faces back there. They're no different than you are. They just happened to see something inside themselves that you don't want to ...I thought I was allowed to defend myself.I'm not lying ... Here I'll show you.Mr. Simpson ...What color is that hedge of yours?No, not that hedge. The other one.The one in your mind. The one that you see on a bright cold morning. The one that you see when you walk in front of your house and you just stand there and stare.What color is that hedge?Alright. Dad ...Don't you miss her?I mean, of course you do, but it isn't just the cooking or the cleaning that you miss--it's something else, isn't it ...Maybe you can't even describe it. Maybe you only know it when it's gone. Maybe it's like there's a whole piece of you that's missing too. You might even call it \"love.\"Now don't you think she looks just as pretty in color? Don't you think she looks just as pretty as she did the day you met her?Don't you wish you could tell her that?Why am I out of order?Well I don't think it's a circus. And I don't think they do either.But see that's just the point. It can't stop at once. Because it's in you. And you can't stop something that's in you.Oh sure it is.What do you want to do to me right now?C'mon. Everyone's turning colors. Kids are making out in the street. No one's getting their dinner-- hell, you could have a flood any minute ... Pretty soon you could have the women going off to work while the men stayed home and cooked ...But it could happen.Are you sure?This thing works. We could go home right now.Honestly ... no.You got the admissions letter.And you're sure about this?I'll come back and check on you in a month.No I won't. I swear.I like it too.You're gonna keep painting aren't you?Well ...It's beautiful.Thanks. I thought you weren't gonna ...I won't.... It's a pretty short trip.Thanks ... I love you.You better stand back a little.", "clean_lines": " it might be      right behind you father  what s a mother to do hi  i mean         hi look  you probably don t think i should be asking you this  i mean  not knowing you well and all    i mean i know you  everybody knows you     i just don t know you     technically well  i was just wondering   cause i see you all the time in algebra and i heard you humming that van halen song and i really like that song too     anyhow  i don t know what you re doing this weekend but my mom s leaving town and she said i could use her car so    easy  mr  jenkins  what job did mr  jenkins have salesman  what did bud and mary sue name the cat they found in the gutter marmalade okay  here s one  why did their parents come home early from their weekend at the lake  cause bud didn t answer the phone and they were worried about him marathon starts at 6 30  contest s tomorrow at noon of course it is howard  that s why they call it a marathon     he s not homeless howard  they just don t say where he lives  well it s a silly question  because nobody s homeless in pleasantville     because that s just not what it s like listen howard  it s almost six thirty  i gotta go what are you doing well great  the pleasantville marathon starts at six thirty yeah  every episode ever weil great  you can watch tv upstairs oh my god     oh my god    no you can t  jen  it s a new tv  it doesn t work without a remote yeah     sort of    you know  we didn t call any tv repair the pleasantville marathon starts at six thirty     her father     like prince charming yeah    mcintire s no  mcintire s  remember   for the very best in men s attire  head right down to mcintire s  ooomph how much does it cost hunh great no way forget it jen  i ve waited a year for this get lost oh my god i m not sure i don t know what the hell s going on we re in pleasantville you  you gotta get us out of here because we don t belong my name s david look  we appreciate it  we really do  we just  we want to go home now don t get upset where are you going    wait a minute  come back   oh god i don t know     it s not possible     is it possible it can t be possible i don t believe this just take deep breaths we re supposed to be in school hello mr  simpson oh yeah  a buick  it s swell owns the hardware store we just gotta play along for a little while     till that guy shows up again  then i ll talk to him and    well  yeah  i m     bud parker and you re     um  mary sue we don t have a choice jen  we re stuck until he comes back to who biff martin  captain of the basketball team as a matter of fact he does peggy jane  lisa anne and betty jean i don t think so wow oh god  are we in that episode i don t believe it you want to ask her out tonight  right  and then you want to give her your school pin    lucky guess  look  biff     i don t think it s a real good time for that right now    what i mean is     mary sue s been a little  different  lately    i didn t say that  it s just that right now    look  i m sure we ll work something out  i ll talk to her or something honest  it ll be fine one date  jen  that s all i m asking  if you don t go out with this guy we could throw their whole universe out of whack what what were you doing in a library jennifer jen  listen    i ll get us out of here  i really will  but if we don t play along we could alter their whole existence  we may never get home it s in your closet he won t notice anyway they don t notice that kind of thing jen please    just go with the program  hunh  i m late for work sorry     i had to help my folks and then i couldn t find my hat    what s wrong yeah    i m sorry you know  if this ever happens again  you can make the fries even if i haven t put out the napkins yet i understand peppermint shake  chocolate soda  two orders of fries and a split what listen to me do you have the lettuce have you cooked the burgers well you can just put on the lettuce  finish the burger and pretend it was me doing it all along really  it s fine what can i get you two couple of cheeseburgers and two cherry cokes  if you need anything  i ll be right over there noooooo you can t do this jennifer  he doesn t exist  you can t do this to someone who doesn t exist thanks a lot have you seen mary sue no  i     i was just     worried about her oh no     i m fine i m fine oh hi oh  yeah  sorry  i m fine  i just     had to get home early yeah    yeah    well  look  thanks for coming by  i     really appreciate it what did you do to him what do you mean  nothing   that s not nothing  that s    oh no    oh my god    you can t do this  jennifer  i warned you you don t understand  you re messing with their universe you have no right to do this they re happy like this i just don t think we have the right to    they don t have that kind of potential what ll it be really  it seems so fattening two cheeseburgers  two cherry cokes look  i thought we talked about this  i thought we said    c mere what did you say what are you talking about  you make hamburgers  that is the point just listen to me    forget about that look  you can t always like what you do  sometimes you just do it because it s your job  and even if you don t like it  you just gotta do it anyway so they can have their hamburgers     what s that wow     that s pretty good    i think you should try not to think about this anymore yeah oh my god jesus christ    fire  fire fire     fire    cat   right here here  grab this nozzle just grab it okay  now point this right at the flames  like this oh  thanks  margaret oh  no     you baked those for whitey no  you baked them for whitey um     thanks it s okay it s fine sure how you doin what well  where i used to live     that s just what firemen did um     outside of pleasantville look it doesn t matter  it s not important it s really not important well     there are some places where the road doesn t go in a circle  there are some places where it keeps on going well  it all just keeps going  roads     rivers        what i thought the books were blank the pages filled in well  yeah     i do well  see     they re both running away  huck and the slave     and     they go up the river     but  in trying to get free they sort of see that they re free already oh my god hunh  oh yeah     well this is great  see  holden caulfield is like this really lonely kid   i ll get her are you okay are you alright it s okay  it s alright have you got any make up okay  first we ll dry you out a little looks just like it did no     they won t be able to tell wait it s fine sure hi i brought you something     from the library it s an art book open it i just thought since you liked painting it might help to    what s wrong oh  well  you re just starting out  i mean  you can t do it    hi look  i probably shouldn t be asking you this  not knowing you that well and all    it s just that my folks are gonna stay home and they said i could use their car      you want to go out with me tonight     lover s lane sorry     oh when the saints     go marching in         hi i can t talk about it  right now  i mean  i got to     um    oh     i do  yeah  it s just that i told my  dad  i d clean out the rain gutters and mr  johnson wanted me to     to change the tape in the register    re runs oh  i know they re not  but i mean   they re just  cookies  after all    well they re not just cookies  i mean  they re great cookies     look  i d love to get into this whole thing but i m really running late  why don t we hook up tomorrow terrific  i ll talk to you then nothing listen    you re reading     yeah that s great well     i just     can i ask you a question remember when you told me that lisa rosenberg liked me well  did she really like me or were you just making that up you weren t playing a joke  she woulda gone out with me wow yes what oh  i don t know  maybe         it s not just the sex    oh     right wow what s that smell mmmmgh yeah     i guess  i don t know what oh  don t know     it s different well it s louder     and scarier i guess     and     and a lot more dangerous    yeah well it s big  and it s blue         it s really really blue hunh they just grow like that rain yeah     you don t have rain either right  of course you don t    we ll just put up the top it s fine  come on it s alright  there s nothing to be afraid of i got you something it was a prop for the school play    sure    hello whitey no reason  how come you re not why don t you guys just get the hell out of here it s fine     it doesn t mean anything oh  well    what do you mean look  it just sort of  happened     i had nothing to do with that look        only if they mean it i didn t do anything wrong why no you re not i m sorry     i can t let you do that i m going to leave now come on come on get out of here are you alright what come on oh my god are you alright  are you okay we should be okay up here we better go i m not sure oh my god it s okay  it s me let s go inside hello well he s right  come on  let s turn these booths back up   mary sue   why don t you help me slide this in front of the door  we ll be okay in here  three  the area commonly known as lover s lane as well as the pleasantville public library shall be closed until further notice   four  the only permissible recorded music shall be the following  pat boone  johnny mathis  perry como  jack jones  the marches of john phillips souza or the star spangled banner  in no event shall any music be tolerated that is not of a temperate or  pleasant  nature   five  there shall be no public sale of umbrellas or preparation for inclement weather of any kind   six  no bedframe or mattress may be sold measuring more than 38 inches wide    seven  the only permissible exterior paint colors shall be black  white or gray  despite the recent availability of certain alternatives   eight  all elementary and high school curriculums shall teach the  non changist  view of history   emphasizing  continuity  over  alteration   wow sure you are stick together till you get off main street it s okay  we ll get you a new one maybe i have an idea yes i did yes i do because anybody should be able to paint in whatever color they want still doesn t make it right c mere  dan  i ll help you i thought it might be you i am actually     glad to see you ve finally shown your true colors why why don t you just take me back without it so     i guess as long as i m here  all sorts of things could happen to this place  we could have pink lawns and blue trees    i m sorry  i can t do that they weren t my memories  i borrowed them  it s no good when you borrow them i don t know     three  four weeks i m going on trial tomorrow there s worse places um     yes i do  where s our lawyer well  it was dark out    it was accessible to everyone i think i ve got something to say i think i know why you re doing this  i mean  i understand why you re doing this  i used to feel the same way  i used to want this place to stay just the way it was  i never wanted it to change    but nothing stays the same  you get things  and you lose things  and that s the good part and the bad part  but you can t have a good part without a bad part it s like the basketball team sure  everybody s upset because they re not winning anymore  but just think how it would feel if all of a sudden they do win wouldn t it feel better than when they used to win all the time see  i know you want it to stay  pleasant  but there are so many things that are so much better  like silly     or sexy     or dangerous     or wild     or brief     and every one of those things is in you all the time if you just have the guts to look for them  look at those faces back there  they re no different than you are  they just happened to see something inside themselves that you don t want to    i thought i was allowed to defend myself i m not lying     here i ll show you mr  simpson    what color is that hedge of yours no  not that hedge  the other one the one in your mind  the one that you see on a bright cold morning  the one that you see when you walk in front of your house and you just stand there and stare what color is that hedge alright  dad    don t you miss her i mean  of course you do  but it isn t just the cooking or the cleaning that you miss  it s something else  isn t it    maybe you can t even describe it  maybe you only know it when it s gone  maybe it s like there s a whole piece of you that s missing too  you might even call it  love  now don t you think she looks just as pretty in color  don t you think she looks just as pretty as she did the day you met her don t you wish you could tell her that why am i out of order well i don t think it s a circus  and i don t think they do either but see that s just the point  it can t stop at once  because it s in you  and you can t stop something that s in you oh sure it is what do you want to do to me right now c mon  everyone s turning colors  kids are making out in the street  no one s getting their dinner   hell  you could have a flood any minute     pretty soon you could have the women going off to work while the men stayed home and cooked    but it could happen are you sure this thing works  we could go home right now honestly     no you got the admissions letter and you re sure about this i ll come back and check on you in a month no i won t  i swear i like it too you re gonna keep painting aren t you well    it s beautiful thanks  i thought you weren t gonna    i won t     it s a pretty short trip thanks     i love you you better stand back a little "}, "JENNIFER": {"raw_lines": "Only on my parent's side.Hi Mark.Hey.Yeah ... Saw you too.So you watching Pearl Jam on MTV tonight?My mom'll be out of town.Cool.... I know, I know--He's just like so FINE ... I'm still like: \"Omigod.\"It was amazing, Daph ... I'm like: \"Well my Mom'll be out of town.\" And he's like \"Well then, maybe we could-- you know ...\" And I'm like \"Yeah, sure.\" And he's like \"Well, cool.\" I know, he's just so smart. I don't know. Maybe that black thing I just got. It is not slutty, Daph, it's cute. Well, \"hello?\" He's not coming over here to study ... I know. Well I'm jealous of you too sometimes.What are you doing?David, cut it out. Mark Davis is gonna like be here in five minutes.Pleasantville Marathon?Omigod, I don't be-lieeeeve this! He's gonna like beeeee here!Upstairs! Up-staiiirs! There isn't any STEREO!David, stop stressing, you can like-- turn it on normally ...Oh my God! He's here!TV repair?Yeah ...You think you could do this like soon? It's almost six thirty.That's not the reason. I've got a date at six thirty.Um--hello? I've got like a social emergency here.We'll take it.Free?Lemme see that.Do you mind. This is like the most important moment of my whole life.God, David. Just give it to me!YOU get lost!What happened?What did you do?Uchh! Look at me?! I'm like so ... pasty!What happened?This isn't funny! I happen to have a very important date in like five minutes!Noooooo!Oh GOD ...What's going to happen?Thanks.Neither do I.Actually--I'm not real ... hungry.I'm gonna hurl, David. I swear to God.All that animal fat. I feel it in my pores or something.I still don't see why we're doing this.We're supposed to be at home David! We're supposed to be in color! Oh God ...You know him?Okay, now you listen to me! I don't know what's going on but you'd better fix it! I had a date with Mark Davis and I even bought new UNDERWEAR!Play along?No! I'm not gonna do it! If I don't dress like this for Mom I'm sure as hell not going to do it for you!Why can't we just EXPLAIN IT?Oh God, we are. We're stuck in like \"Nerdville\". I always knew you'd pay a price for this. I knew you couldn't be hopelessly geekridden for this long without suffering some like, really tragic consequences. ... But it's just not fair. I mean--I'm starting to get really--popular. Debbi Russell transferred to another school and my skin's been great since March and Mark Davis is starting to come around and ...Um ... It's ...Who's that?Does he--you know--like \"me\"?Hunh.Those are my friends.Can we do any better?Okay ...What's outside of Pleasantville?Outside of Pleasantville ... What's at the end of Main Street?No way.It's too weird David. This place is giving me the creeps. Did you know all the books are blank?I looked in the library. They got covers with nothing inside them.I got lost. Oh here ... look at this!Just watch. You know why those guys just get cats out of trees? 'Cause nothing burns around here, that's why! They don't need any firemen ...I like--really need a cigarette, too.You really think anybody's gonna, like, notice if I don't have a chocolate malt with this guy.You sure I'm supposed to wear this?I could like kill a guy with these things.I've worn some kinky stuff before ...What do you mean?So what's the point?He-llo? I've got like three pounds of underwire here ...Well \"gee whizz\" Biff. I sure am glad you asked me.Really Biff? The keenest?Gosh. I hardly know what to say.Oh, I dunno Bud. Guess I'll just have a salad and an Evian Water.Cheeseburger it is.Well, sometimes talking's over-rated. Don't you think?Oh, gosh no.Oh you bet. Will you excuse me for a sec?Jesus Chirist ...I don't think he knows how.Gee whiz \"Bud\", what could we possibly need when we have each other?You want to get out of here?You wanna get out of here? You wanna leave?... Lover's Lane.Yeah. Lover's Lane. You up for it?C'mon. Let's go.Oh yeah ... Gorgeous.Oh, Biff. You can \"pin\" me any time you want to.Or maybe I should just \"pin\" you.... Why?It's s'posed to happen, Biff.Trust me ...Well gee thanks Biff. I had a really wonderful time.Hello Mr. Johnson.Nothing.Relax \"Bud.\" We had a really nice time. ... Now I'm really tired and we gotta get up early for school in the morning so ...'Night.So what's the big deal. Oh. Okay. They're like not good at basketball anymore. Like--omigod, what a tragedy.Well maybe it needs to be messed with. Did that ever like--occur to you? You know, they don't want to be like this, it's just that nobody ever helped them before.Kewl \"PJ\". How you doin'?Well if I don't who will?David, nobody's happy in a Poodle skirt and a sweater set. You like all this don't you?I mean, you don't think it's just like dorky or funny or something ... you really like it. Oh God! I am just so personally horrified right now ...David, let me tell you something. These people don't want to be geeks. They want to be \"attractive.\" They've got a lot of potential, they just don't know any better.Um--hello? You want to like take a look?I gotta go. I'm meeting Biff at the flagpole.Me too. Sounds swell.Yeah?Sure.What do you mean?Yeah ... That--and ...It doesn't matter.... Sex.You sure you want to know this?Okay.You see Mom ... When two people like each other very much ...You okay?What?Oh. Hmm ... Well, Mom ... there's ways to \"enjoy\" yourself without Dad.I had nothing to do with that fire.Not directly anyhow ...Um ... They like wanna ask you a question ... I didn't know how to handle it. So ...They were.Okay look, this like--wasn't my fault. They asked me what it was about and I like didn't remember 'cause we had it back in tenth grade, But I told them what I DID remember, and the next thing I knew the pages had filled in.But like only up to the part about the raft, because I didn't read any farther.What's wrong?Nothing?Yeah. Can't believe you started such a dorky fad.D.H. Lawrence. You ever heard of him?Seemed kinda sexy. Look. I read 35 pages.So what is it?Sure.Yeah ...No. She really liked you.Gone out with you. She woulda like rearranged your tonsils.Can I ask you a question?How come I'm still in black and white?Well I've had like ten times as much sex as these girls and I'm still like this. They have one hour in the back of a car and suddenly they're in technicolor.What?No, it's not just the sex, is it?Hunh.What are you doing?So.Oh. I can't.I'm busy.I'm studying.Cool ...Oh my God ...Don't! Just let go.I said, NO! ... I've read like one book in my whole life and I'll be damned if I let you throw it on that fire ...Uch ... I am like gonna hurl ...I told you. I'm like positive.I'm not ready yet. I gotta do this for a little while.Besides. You think there's like a chance I'm gonna get into college back there?Right here.I've done the slut thing, David. It's really kinda old.You're like the coolest brother in the world.", "clean_lines": "only on my parent s side hi mark hey yeah     saw you too so you watching pearl jam on mtv tonight my mom ll be out of town cool     i know  i know  he s just like so fine     i m still like   omigod  it was amazing  daph     i m like   well my mom ll be out of town   and he s like  well then  maybe we could   you know      and i m like  yeah  sure   and he s like  well  cool   i know  he s just so smart  i don t know  maybe that black thing i just got  it is not slutty  daph  it s cute  well   hello   he s not coming over here to study     i know  well i m jealous of you too sometimes what are you doing david  cut it out  mark davis is gonna like be here in five minutes pleasantville marathon omigod  i don t be lieeeeve this  he s gonna like beeeee here upstairs  up staiiirs  there isn t any stereo david  stop stressing  you can like   turn it on normally    oh my god  he s here tv repair yeah    you think you could do this like soon  it s almost six thirty that s not the reason  i ve got a date at six thirty um  hello  i ve got like a social emergency here we ll take it free lemme see that do you mind  this is like the most important moment of my whole life god  david  just give it to me you get lost what happened what did you do uchh  look at me   i m like so     pasty what happened this isn t funny  i happen to have a very important date in like five minutes noooooo oh god    what s going to happen thanks neither do i actually  i m not real     hungry i m gonna hurl  david  i swear to god all that animal fat  i feel it in my pores or something i still don t see why we re doing this we re supposed to be at home david  we re supposed to be in color  oh god    you know him okay  now you listen to me  i don t know what s going on but you d better fix it  i had a date with mark davis and i even bought new underwear play along no  i m not gonna do it  if i don t dress like this for mom i m sure as hell not going to do it for you why can t we just explain it oh god  we are  we re stuck in like  nerdville   i always knew you d pay a price for this  i knew you couldn t be hopelessly geekridden for this long without suffering some like  really tragic consequences      but it s just not fair  i mean  i m starting to get really  popular  debbi russell transferred to another school and my skin s been great since march and mark davis is starting to come around and    um     it s    who s that does he  you know  like  me  hunh those are my friends can we do any better okay    what s outside of pleasantville outside of pleasantville     what s at the end of main street no way it s too weird david  this place is giving me the creeps  did you know all the books are blank i looked in the library  they got covers with nothing inside them i got lost  oh here     look at this just watch  you know why those guys just get cats out of trees   cause nothing burns around here  that s why  they don t need any firemen    i like  really need a cigarette  too you really think anybody s gonna  like  notice if i don t have a chocolate malt with this guy you sure i m supposed to wear this i could like kill a guy with these things i ve worn some kinky stuff before    what do you mean so what s the point he llo  i ve got like three pounds of underwire here    well  gee whizz  biff  i sure am glad you asked me really biff  the keenest gosh  i hardly know what to say oh  i dunno bud  guess i ll just have a salad and an evian water cheeseburger it is well  sometimes talking s over rated  don t you think oh  gosh no oh you bet  will you excuse me for a sec jesus chirist    i don t think he knows how gee whiz  bud   what could we possibly need when we have each other you want to get out of here you wanna get out of here  you wanna leave     lover s lane yeah  lover s lane  you up for it c mon  let s go oh yeah     gorgeous oh  biff  you can  pin  me any time you want to or maybe i should just  pin  you     why it s s posed to happen  biff trust me    well gee thanks biff  i had a really wonderful time hello mr  johnson nothing relax  bud   we had a really nice time      now i m really tired and we gotta get up early for school in the morning so     night so what s the big deal  oh  okay  they re like not good at basketball anymore  like  omigod  what a tragedy well maybe it needs to be messed with  did that ever like  occur to you  you know  they don t want to be like this  it s just that nobody ever helped them before kewl  pj   how you doin  well if i don t who will david  nobody s happy in a poodle skirt and a sweater set  you like all this don t you i mean  you don t think it s just like dorky or funny or something     you really like it  oh god  i am just so personally horrified right now    david  let me tell you something  these people don t want to be geeks  they want to be  attractive   they ve got a lot of potential  they just don t know any better um  hello  you want to like take a look i gotta go  i m meeting biff at the flagpole me too  sounds swell yeah sure what do you mean yeah     that  and    it doesn t matter     sex you sure you want to know this okay you see mom     when two people like each other very much    you okay what oh  hmm     well  mom     there s ways to  enjoy  yourself without dad i had nothing to do with that fire not directly anyhow    um     they like wanna ask you a question     i didn t know how to handle it  so    they were okay look  this like  wasn t my fault  they asked me what it was about and i like didn t remember  cause we had it back in tenth grade  but i told them what i did remember  and the next thing i knew the pages had filled in but like only up to the part about the raft  because i didn t read any farther what s wrong nothing yeah  can t believe you started such a dorky fad d h  lawrence  you ever heard of him seemed kinda sexy  look  i read 35 pages so what is it sure yeah    no  she really liked you gone out with you  she woulda like rearranged your tonsils can i ask you a question how come i m still in black and white well i ve had like ten times as much sex as these girls and i m still like this  they have one hour in the back of a car and suddenly they re in technicolor what no  it s not just the sex  is it hunh what are you doing so oh  i can t i m busy i m studying cool    oh my god    don t  just let go i said  no      i ve read like one book in my whole life and i ll be damned if i let you throw it on that fire    uch     i am like gonna hurl    i told you  i m like positive i m not ready yet  i gotta do this for a little while besides  you think there s like a chance i m gonna get into college back there right here i ve done the slut thing  david  it s really kinda old you re like the coolest brother in the world "}, "DICK VAN DYKE": {"raw_lines": "TV repair.Yeah. TV busted?Well here I am.Holy cow. Look at that. Had a little disaster didn't ya fella.We'll get you fixed up in no time.I know how I'd feel if mine went out. Almost like losing a friend.Well that makes it a lucky day for both of us, hunh?What's the rush?Pleasantville?Gosh, I loved that show. Watched it for years.Hey--who did Muff in take to the masquerade ball when her date came down with the measles?Right. And how did she dress him?Nice ... Nice ...Remember the one where Bud lost his cousin when he was s'posed to be watching him?What department store did they go to?McGinty's.That's right.Say--why don't you take this remote instead. It's got a little more \"Ooomph\" in it.Sure. Big beautiful set like this--you want something that'll put you right in the show.Oh--couldn't charge you for something like that. It's free.Oh sure. Big fan like yourself. It's the least I could do.Well, I better get going. Your show's almost on, and ... It's almost time for your date.Take care now.Told you it was your lucky day. Bet you thought I was just a fan or something.A miracle.... See, every time I thought I'd found someone they'd turn out to disappoint me. They'd know the early episodes, but they wouldn't know the later ones ... They'd know all about Muffin but they wouldn't know about Bud ...Shh! Can't talk like that now. You're in ... You know ...Dream come true, hunh?Well, you don't have to worry about that anymore.Why would I do that?Oh sure you do ... \"McIntire's Department store\" ... \"Their father dressed as Prince Charming.\" That was gorgeous Bud.You know--this is a pretty strange way of showing your appreciation.But you don't know how long I've been looking for someone like you.I'm very disappointed ... In fact ... I'm starting to get a little upset.Weil wouldn't you! You look for someone for years ... You pour your heart into it ... This is a privilege you know. I don't think I better talk about this right now.I don't think we should discuss this until I'm a little bit more composed.Maybe in a day or so when I'm not so emotional ...Hello there.Well c'mere, young fella.You know I've been thinkin' ... I might have been a little \"hasty\" the other day when you asked to come home--just took me by such surprise, ya know--ha ha ...So even though I can't make any promises, well--I figured if you asked me real nice--I might just be willing to talk about it again.What?Bud--I thought you wanted to come home.I'll be honest with you Bud. I'm getting sorta concerned about what I'm seeing in some of these re-runs ...Like when Margaret Henderson makes her cookies for Whitey. ... Those aren't your cookies Bud.Excuse me?BUD.Bud ...I want a word with you ...NOW!What the hell do you think you're doing!What do I MEAN! You think this is a toy? You think it's your own little goddamn coloring book ...A deluge doesn't just \"happen.\" Bolts of lightning don't just \"happen\" ... You burned down an ELM tree for Christ's sake ...Oh. I'm sorry--refresh my memory. What episode does the orgy happen in, again?It was a gift Bud. It was so special. You liked these things as much as I did, remember: Warm smells in the family kitchen? A smile from a stranger? You know how rare that is?OKAY. NOW YOU'RE REALLY STARTING TO PISS ME OFF!Oh no? Let me show you something!\"YOU DON'T DESERVE THIS PLACE.\"YOU DON'T DESERVE TO LIVE IN THIS PARADISE!Where's the remote control I gave you?Because you're coming home. I'm gonna put this place back the way it was.EXCUSE ME?JUST GIMME THE GODDAMN REMOTE!OW!You're not going anywhere. You're gonna get that remote and you're gonna come home and we're gonna make everybody HAPPY AGAIN!!!Don't make me get rough with you! I can get awfully fucking rough!Hope you're proud of yourself.Okay, let's cut the shit and get right to it. Where's that remote control?Because you're coming home.Oh. You're a smart little bastard aren't you? It's kind of like a restricted ticket. You gotta leave the same way you came.Just gimme the damn remote!I don't know what went wrong. You answered every question. You knew every detail. The senior Prom ... McIntire's Department Store. We had all the same warm memories: Sock hops. The Church Social ...How long do you think you've been here?Much less than that. An hour and a half.See--and this is really great-- the show was on for what--half an hour a week? So that means for every week that goes by in Pleasantville, only half an hour goes by in the real world.Now Buddy, you're going on trial tomorrow. And if they find you guilty, you're gonna be stuck here forever. Well, not forever--lemme think ... Five year sentence ... Carry the three ... That comes out to ... sixteen and a half centuries, and that's rounding down.This is TV pal. They don't fool around.Oh sure. For the first hundred years. Then it starts to get a little monotonous. Sleep well.", "clean_lines": "tv repair yeah  tv busted well here i am holy cow  look at that  had a little disaster didn t ya fella we ll get you fixed up in no time i know how i d feel if mine went out  almost like losing a friend well that makes it a lucky day for both of us  hunh what s the rush pleasantville gosh  i loved that show  watched it for years hey  who did muff in take to the masquerade ball when her date came down with the measles right  and how did she dress him nice     nice    remember the one where bud lost his cousin when he was s posed to be watching him what department store did they go to mcginty s that s right say  why don t you take this remote instead  it s got a little more  ooomph  in it sure  big beautiful set like this  you want something that ll put you right in the show oh  couldn t charge you for something like that  it s free oh sure  big fan like yourself  it s the least i could do well  i better get going  your show s almost on  and     it s almost time for your date take care now told you it was your lucky day  bet you thought i was just a fan or something a miracle     see  every time i thought i d found someone they d turn out to disappoint me  they d know the early episodes  but they wouldn t know the later ones     they d know all about muffin but they wouldn t know about bud    shh  can t talk like that now  you re in     you know    dream come true  hunh well  you don t have to worry about that anymore why would i do that oh sure you do      mcintire s department store       their father dressed as prince charming   that was gorgeous bud you know  this is a pretty strange way of showing your appreciation but you don t know how long i ve been looking for someone like you i m very disappointed     in fact     i m starting to get a little upset weil wouldn t you  you look for someone for years     you pour your heart into it     this is a privilege you know  i don t think i better talk about this right now i don t think we should discuss this until i m a little bit more composed maybe in a day or so when i m not so emotional    hello there well c mere  young fella you know i ve been thinkin      i might have been a little  hasty  the other day when you asked to come home  just took me by such surprise  ya know  ha ha    so even though i can t make any promises  well  i figured if you asked me real nice  i might just be willing to talk about it again what bud  i thought you wanted to come home i ll be honest with you bud  i m getting sorta concerned about what i m seeing in some of these re runs    like when margaret henderson makes her cookies for whitey      those aren t your cookies bud excuse me bud bud    i want a word with you    now what the hell do you think you re doing what do i mean  you think this is a toy  you think it s your own little goddamn coloring book    a deluge doesn t just  happen   bolts of lightning don t just  happen      you burned down an elm tree for christ s sake    oh  i m sorry  refresh my memory  what episode does the orgy happen in  again it was a gift bud  it was so special  you liked these things as much as i did  remember  warm smells in the family kitchen  a smile from a stranger  you know how rare that is okay  now you re really starting to piss me off oh no  let me show you something  you don t deserve this place  you don t deserve to live in this paradise where s the remote control i gave you because you re coming home  i m gonna put this place back the way it was excuse me just gimme the goddamn remote ow you re not going anywhere  you re gonna get that remote and you re gonna come home and we re gonna make everybody happy again   don t make me get rough with you  i can get awfully fucking rough hope you re proud of yourself okay  let s cut the shit and get right to it  where s that remote control because you re coming home oh  you re a smart little bastard aren t you  it s kind of like a restricted ticket  you gotta leave the same way you came just gimme the damn remote i don t know what went wrong  you answered every question  you knew every detail  the senior prom     mcintire s department store  we had all the same warm memories  sock hops  the church social    how long do you think you ve been here much less than that  an hour and a half see  and this is really great   the show was on for what  half an hour a week  so that means for every week that goes by in pleasantville  only half an hour goes by in the real world now buddy  you re going on trial tomorrow  and if they find you guilty  you re gonna be stuck here forever  well  not forever  lemme think     five year sentence     carry the three     that comes out to     sixteen and a half centuries  and that s rounding down this is tv pal  they don t fool around oh sure  for the first hundred years  then it starts to get a little monotonous  sleep well "}}