{"MAYA": {"raw_lines": "You know what I'd really like?Some fruit.Nope.Why not?Why not?Why not?So do you always follow the rules?Okay, fine. We won't. Forget I mentioned it. I understand if you're afraid--No, really, it's all right. I just thought you might be curious why we can eat everything else that walks, crawls, swims, flies, or grows in the ground, but not that particular fruit. And I thought you might be the kind of man who's willing to take a chance and start thinking for himself, but I guess I was wrong. She glares defiantly at Zed, then starts to walk away. It's not Paradise anymore. Then like every man that ever lived and will ever live, he caves.You first.We both bite at the same time. Zed considers for a long moment then decides.So you're saying it's not good?Ooh, banana!Thank you, Marlak.Zed, just admit it. You're just making it harder on yourself.Well, after the fire-- ) --the hill tribes raided the village. The men fought them but they were too many. They took us captive, marched us to the sea, then traded us to the boat people who brought us here.Hey!How do you know God's a \"He?\" Zed rolls his eyes.You think we've been chosen by God?For you maybe.So does everybody else.The Princess wishes to see you.Not you. Him.The two of you follow me.This is Zaftig the Eunuch. You go with him. Oh is led away by the Eunuch as she takes Zed off in the opposite direction.As you wish.I had no choice. I'm a slave, remember?Wait here until you're sent for.Of course not. You were just chosen again. Maybe after you and the Princess get together you can start thinking about someone beside yourself. She walks off before he can answer. Zed shakes his head, looks around the room, then STARTS walking past a row of \"LIVING STATUES,\" semi-nude men and women on pedestals covered head to toe in gold body paint, frozen in heroic postures that show off their beautiful bodies. Zed looks closely at one beautiful nude \"GODDESS\", then furtively reaches out and fondles her breast. The goddess slaps his hand, then resumes her pose.Forget it. Maya sees A GUARD watching them and reverts to her slave attitude. MAYA The Princess awaits you.Good luck.She sees him and starts to revive.Zed!You're incredible, you know that?Where will you go now?Are you going alone?I'll get my things. She gestures off and he sees a small train of camels and horses loaded with a ton of her personal possessions. MAYA The Princess gave me a few gifts when she freed us.That's west.", "clean_lines": "you know what i d really like some fruit nope why not why not why not so do you always follow the rules okay  fine  we won t  forget i mentioned it  i understand if you re afraid  no  really  it s all right  i just thought you might be curious why we can eat everything else that walks  crawls  swims  flies  or grows in the ground  but not that particular fruit  and i thought you might be the kind of man who s willing to take a chance and start thinking for himself  but i guess i was wrong  she glares defiantly at zed  then starts to walk away  it s not paradise anymore  then like every man that ever lived and will ever live  he caves you first we both bite at the same time  zed considers for a long moment then decides so you re saying it s not good ooh  banana thank you  marlak zed  just admit it  you re just making it harder on yourself well  after the fire       the hill tribes raided the village  the men fought them but they were too many  they took us captive  marched us to the sea  then traded us to the boat people who brought us here hey how do you know god s a  he   zed rolls his eyes you think we ve been chosen by god for you maybe so does everybody else the princess wishes to see you not you  him the two of you follow me this is zaftig the eunuch  you go with him  oh is led away by the eunuch as she takes zed off in the opposite direction as you wish i had no choice  i m a slave  remember wait here until you re sent for of course not  you were just chosen again  maybe after you and the princess get together you can start thinking about someone beside yourself  she walks off before he can answer  zed shakes his head  looks around the room  then starts walking past a row of  living statues   semi nude men and women on pedestals covered head to toe in gold body paint  frozen in heroic postures that show off their beautiful bodies  zed looks closely at one beautiful nude  goddess   then furtively reaches out and fondles her breast  the goddess slaps his hand  then resumes her pose forget it  maya sees a guard watching them and reverts to her slave attitude  maya the princess awaits you good luck she sees him and starts to revive zed you re incredible  you know that where will you go now are you going alone i ll get my things  she gestures off and he sees a small train of camels and horses loaded with a ton of her personal possessions  maya the princess gave me a few gifts when she freed us that s west "}, "ZED": {"raw_lines": "(frustrated, but hangingOrange? Tangerine? Umm, mango? Kiwi? Peach? She shakes her head coyly. He starts darting from tree to tree, hopefully pointing out various options. She follows him.Okay, don't tell me-- papaya? Pomegranate? Lemon? Lime? Kumquat? Uh, cock? Cockfruit?Watermelon? Honeydew? Grapes?Starfruit, casaba-- tangelo?(he doesn't even like herBecause that's the fruit we don't eat! It's forbidden.Because we don't! It's a rule! That's the Tree of the Knowledge of Good and Evil. You don't eat from that one. Nobody ever has.Stop saying why not! I told you-- it's a rule.No-- yeah-- I don't know. We don't have that many rules. In fact, we only have one rule-- DON'T EAT THATI'm not \"afraid\"--Okay! Fine! You want to try the Good and Evil fruit, you got it. He rips two ripe fruits from a low-hanging bough and hands her one. They both stare at the fruit.No way! It was your idea. You go first.Okay. Ready? One-- two-- three! Zed chomps down hard and takes a big bite, but Maya fakes him out and stops before her teeth break the skin. ZED Got me. That's a good move. I'm going to steal it. He starts chewing and she watches as he gets his first taste of Good and Evil. Then his face contorts in disgust and he spits it out. ZED Yuchh! That's horrible. Yecch, ptui! Ughh. He frantically wipes the inside of his mouth with his fingers, trying to get the terrible taste out.Yes! I'm saying it's not good! He grabs his belly as his stomach starts to cramp. Then a loud bowel sound and his eyebrows shoot up. ZED Oh, no--Do me a favor. Just kill me.I couldn't help myself! Maya was just staring at me with those pouty eyes-- and those perky breasts-- opposable thumbs. And how about the name? \"The Tree of the Knowledge of Good and Evil\"? You don't think that sounds tempting? They should've just called it \"The Tree with the Fruit that Tastes Like Shit.\" Then for sure nobody would eat it. Zed notices a VILLAGER squatting in the bushes right behind his dwelling. ZED Hey! Squanto! Give me a break, would ya'! You got the whole forest! Why does everyone have to crap right behind my hut?I don't see it. I mean she's cute, but I don't think I'd lay with her.which was a big mistake. I see that now. You think it won't be awkward the next morning but-- trust me, you just want to rip your eyeballs out. Listen, if you want to impress Eema, tonight at the feast, do the fertility dance with her, then drag her back to your hut.So you give her a little tap on the head. Women respond to that--I wouldn't read too much into that. She kisses, then tongues the spear tip. ZED Okay, that might mean something. The hunter Marlak walks by and stops. He's clearly half a rung lower on the human evolutionary scale.Yes, Marlak. Very observant. I was indisposed. Got that intestinal thing that's been going around. Marlak grunts and examines the primitive line drawings on the walls of Zed's hut.It's a bear.Yeah. Like you'd know.That-- would be an antelope-- or a deer-- a deerpalope.How could it be Maya? It's just some lines on a skin.Your woman? I'm not sure dragging her into the bushes kicking and screaming means you have an actual \"thing\" going. Marlak cuffs him hard on the side of the head.Hey! Nice supra-orbital ridge, fartface!Hey, Oh? Did it ever occur to you that there may be more to life than this?No, I'm serious.We're born into thisworld, we hunt, we gather, we eat,we sleep, we make babies----but why? What's the point?No. Last night I couldn't sleep, so I just laid there looking up at the sky, counting the stars. There were over seventy. Kinda makes you think, doesn't it?Really? I've been thinking about it ever since I ate that fruit. Don't you ever wonder what's on the other side of the mountains?But what if it doesn't? What if it just goes on and on forever? Or what if it's round? (he picks up a roundSorry!Do it, man! Go dance for her.Are you kidding? Go! Jackal Dance! Oh summons his courage, gets up and crosses to where the girls are sitting. Zed makes subtle eye contact with Maya, waggles his eyebrows and licks his lips. She laughs and looks away. Oh starts dancing timidly right in front of Eema, subtly jerking his pelvis, trying to be cool. Eema just stares at him for a moment, then goes back to talking to her friends. Oh looks over at Zed for help. Zed mimes clonking her on the head. Oh picks up a wooden club and hits Eema right on the noggin. However, instead of submitting, she gets really pissed, stands up and decks him with one punch.Excuse me, hunter coming through.For your information I was in line and I just stepped out to chew some food for an elderly lady. Suddenly a SPEAR is thrust inches from his face, stopping him. It's Marlak, who towers over Zed. His cohort, ENMEBARAGESI, short and stout, stands beside him.Oh, really? And what if I called Enmebaragesi a liar?Calm down. I said \"what if\"-- it was a hypothetical. Marlak gets right in Zed's face.No, you just made it harder on myself! Okay, fine, you got me. (gingerly moves the spearIsn't that what we're talking about? Maya rolls her eyes.Oh, that! Yeah! I did eat the fruit. I was just kidding about humping Maya. Marlak knocks Zed to the ground. The DRUMMING stops. Oh comes running over and gets between Marlak and Zed.Look, Marlak, this is crazy. You're two of me. I'm not gonna fight you over a girl, okay? Zed starts to walk away but quickly pivots and throws a WILD HAYMAKER at Marlak who easily ducks it, and it hits an unsuspecting Enmebaragesi squarely in the nose. Zed And let that be a lesson to your big friend- Marlak grabs Zed, lands two solid punches to Zed's mid- section, and then clocks him with a vicious right that sends him sprawling to the ground.One bite! What's the big deal?I've always had trouble with the Great Turtle Theory-- too many unexplained gaps.Really? How screwed? Like I knew it was a rule but I'm a little fuzzy on the exact details.Where am I supposed to go?I don't want to seem ungrateful or anything, but you wouldn't happen to have any arrows, would you? An arrow zips in and sticks in the post next to his head.Yes, or gatherer-- but there's got to be more to life than this-- Kinda hard to concentrate with that rhythmic drumming, fellas. The Hunters keep the insistent beat, their gaze fixed on Zed. ZED Anyways, I'm going away, not because you're forcing me to-- which you are-- but because I choose to. Yes, I ate from the Tree of the Knowledge of Good and Evil-- major misunderstanding on my part-- and believe me I'm not recommending it unless you're interested in a very powerful laxative-- but it got me thinking about some pretty heavy stuff -- life questions, you know. So I'm out of here, and anyone who wants to join me is welcome. He looks around the circle and sees Maya. She sees Marlak staring at her and averts her eyes. ZEDNo, you don't.How can you see me if I'm not here?Okay, then tell me this-- who's standing right behind you?Was it my speech?But the speech was pretty good, right? I mean, even I was moved and I was the one speaking.This is nice, out here, the two of us.Come on, those hunters are idiots. In an hour they'll forget the whole thing.You know what we should do? You and me should kill the biggest boar ever-- just huge!-- and take it back to the village. Just to show them. And we won't let anyone else eat it. They'll have to watch us eat it.Oh!Don't move a muscle.I don't know. There's two different opinions on this one. Some say run, some say don't.I'm going to-- RUN! He sprints off and the cougar pounces right on oh.You really should put some maggots on those scratches. They look pretty deep.Because I honestly thought he'd go for me. I thought I was doing you a favor. Apparently not appreciated.You didn't have to come with me, you know. I didn't ask you to come.Yes, that's a technique of public speaking, but I didn't ask you specifically. You chose to come. You gotta take some responsibility for that. And there's no point coming if you're just gonna keep whining about every little-- cougar that attacks you. You want some or not?You making your own fire?You're still coming?Say what you want, but that was no accident. You don't see a pattern here?Yeah, but why? Why'd the cougar go for you and not me? Why did you fall and I didn't? Hard to believe it's all just random. Think aboutYes! There! He drops to one knee and examines something in the bushes. Zed They stopped here to poop. Look.Four men, maybe five. And a child-- or a small women maybe.Looks like they had some nuts-- dried fruit-- some kind of green leafy vegetable--(getting painfully to hisWhat do you guys do?Okay, boys, that's enough. We just want to--We're not really that insulted--Boys, boys! You're brothers! Let's just relax and-- Cain uses the distraction to sneak-punch Abel and the fight is on. They start throwing wild punches, then clinch and wrestle each other to the ground.Just let them settle it. Cain picks up a good-size rock and strikes Abel on the head with all his might. Abel falls heavily to the ground and lies there, not moving. Cain stands over him, breathing hard. ZEDNothing! Cain stares at Abel, still inert on the ground.Hey! What do you mean \"we\"? I don't want to play the blame game, but you're the one who hit him.We didn't know you were going to kill him--Did I say that?Unfortunately we already have dinner plans.What are the big round things for?Wow! That is like the greatest invention since the vagina. Cain whips the oxen and they lumber forward. Oh screams as the HEAVY WHEELS ROLL OVER HIS FEET.Thanks, but I'm kind of staying away from fruit for the time being. Zed gives Cain a subtle, acquiescent nod as Adam ushers them into his crude dwelling.Yeah, that's got to be pretty vexing. A Bergmanesque gloom fills the hovel as Adam muses sullenly on his sorry circumstances.Wow. That's kind of a downer isn't it?Boy, I hope not.I'm waiting for the punchline.Yeah, there you go. Oh looks at Seth.And that's a good way to be. In fact, I'm kind of surprised a pretty girl like you is sleeping alone anyway. I would've thought guys would be lined up at the door.Maybe you just haven't met the right one.I don't even know what that means. What does that mean?(stares at her for a longWhy would they blame us?Look at all these people! And this stuff! Oh approaches a bakery stand and stares hungrily at the bread.Yeah, we're gonna need money. What's money? They see a crowd at the center of the market gathered around a raised platform. SLAVES IN SHACKLES are lined up on the raised wooden platform while CUSTOMERS examine those waiting to be auctioned. The AUCTIONEER brings up a fnuscular male slave in a loincloth. ZED It's Marlak! Marlak's hands are bound and he's restrained by a chain attached to a thick leather collar around his neck.Eema! Maya! The women embrace him with relief and excitement.What happened? How did you get here?Yeah, this one looks pretty good-- He starts prodding, poking and squeezing Maya's arm like he's buying fruit. Oh takes the opportunity to fondle Eema's breasts. She punches him. Zed Ooh, feisty! So how does this work if we want them? The slave trader notes Zed's peasant clothes.You still think it's all just a coincidence? All of us here right now, at this particular place, at this particular time?I'm not sure yet, but I'm starting to believe that everything happens for a reason. Like, why did I eat the forbidden fruit?What do you mean \"which\" omnipotent force? How many omnipotent forces could there be?Work with me-- I'm just speculating here. Let's call this force \"God\"; and let's say this \"God\" is controlling everything. Maybe God wanted me to have the knowledge of good and evil.Don't you get what I'm saying? What if we've been chosen?Well, no offense, but it's possible that I was chosen and you all just happened to be there.A chosen doesn't need to be strong. I'm big this way.Not my face, my brain. It's enormous. I'm the smartest guy in the village.What?! Which one of us is smarter?Oh yeah, then why are we free and you're chained up?Sit tight. I'm going to get you out of here. Do you trust me?Fair enough. She gives him an encouraging hug, then Zed and Oh cross to Cain and the slave trader.I never trusted that guy.It's not like I want to be a slave or anything, but this is embarrassing!Look, I want you to know I blame myself for everything that happened.It wasn't my very first thought, but I'd be lying if I said it wasn't up there.Shit! He leaps to his feet, looks around desperately, and sees nothing but a vast wasteland in every direction.I have no idea.Will you stop being so negative? I got your back, man. Who saved you from those lions when you were a baby? They were going to pounce, had you surrounded. Took the mama lion-- BAM!-- kneed her right in the face. Papa lion comes flying at me-- BAM!-- dropped an elbow, knocked his ass out.Yeah, because nobody else was there. You're lucky I was walking by.We've got to keep moving. I've got you, buddy-- just like always. He puts Oh over his shoulder and stumbles on.What do you mean, nothing? You were just going to kill him!Not to him, I'm guessing. Isaac nods gratefully.What do you think?I am Zed and this is Oh, sons of-- people you wouldn't know.Sodom and Gomorrah? Never been there. But I've heard of them.i didn't know that. What kind of abomination are we talking about?Abominable.Really. Tell me more.We just want to know so we can avoid them.Abraham, I'm a little worried about the city being destroyed.His name is praise and love his whole graciousness--You know, Abe, it's late, and we've all had a lot to drink, and I know this whole foreskin thing sounds like a good idea now, but you may just want to sleep on it. we could always cut 'em off in the morning, but if we do it now, there's just no putting it back on later.To the city. I have to find Maya.And you're going to listen to him? You think he's more chosen than me?Yes, and he also wanted to give his dick a little trim.You don't even know where we're going.No. Your dad specifically said Sodom and Gomorrah were evil.No! I told you, that's not where we're going.Fine. They stand there for less than a beat. ZED Okay, you win. Take us to Sodom. Isaac takes a couple of steps to the top of a rise and points off in the distance.I knew it was right around here.You shouldn't be smoking either.Where? Back to the penis-cutter? Besides, Eema and Maya might be in there. You want to get them out before the city's destroyed, don't you? Isaac impatiently grabs a big rock and starts banging on the door.Get help! Tell your father!I kinda get why his dad wanted to kill him. The sentries drag them through a small door cut into a corner of the city gates.We're not really Hebrews-- The guard smacks him in the mouth. ZED Okay. Lesson learned. No talking.Hey! Why don't you pick on someone your own size? The sergeant drops Oh and turns to Zed. ZED Which would be difficult since there are probably very few people around who actually are your size-- He smacks Zed hard on the side of the head.All right, honestly? You did sell us into slavery.That was way less than a fortnight. Half a fortnight, maybe.Check out that woman across the street! She's looking at us. The prostitute smiles at them as she sensuously peels a banana, then slides the whole thing unbroken into her mouth.This is great! How do I look?So is this it? We just walk around?What kind of trouble?Pretty harsh, isn't it?Did you see that girl? I think she liked me! She looked right at me.Who was she?Why not?Hey, there she is! He starts edging toward the royal pavilion.He makes his way to a position just below the royal pavilion and stares up at the Princess Inanna. She sees him looking at her but pretends not to notice.What's happening?What do they want a virgin for?Seems like a waste of a perfectly good virgin to me.Me? Cool. We're kind of a package deal. Can he come with?I'll try to put in a good word for you. Cain fumes as Zed and Oh head off with Maya.What do you think, ponytail or no ponytail? You know what?Look, first of all, we're not actually brothers---Hey! You didn't let me finish. As soon as I get in there I'm going to talk to somebody and get you invited, okay?Feels like a hair-down kinda scene, don't you think?Maya?! What are you doing here?I was going to rescue you! Really! In fact, we came here to find you.This wasn't my idea, you know.Hey! You're a real girl! That is so cool.Yeah, you look so-- gold. How's it going?Not bad. Had a little rub and a scrub, now I'm up for some grub.Hey! You'll never guess who's here- - Maya! She's working here-- and she looks great! But she's kinda mad at me. Oh scans the great hall looking for her and spots Zed's sister Eema, his crush, come into the room carrying a tray of food.You! Slave girl! (he pulls her away fromNow go-- fetch! Wait by that-- skinny statue. I'll deal with you later. As Eema exits, Zed turns to the officers and shrugs. ZED Slaves-- what are you gonna do?Ouch. Helpful hint. I will keep that in mind.Keep that up and you will.Okay, I know what you're thinking, but I'm just checking it out. We kept hearing that this place was so evil, but now that I look around I'm thinking maybe it's not all bad. There's a lot to learn here.No! Like the wheel, for instance! That's pretty awesome-- the way it just goes around in a circle. And farming! And metal-- writing, money, pottery-- hot baths. Come on! Back in the village we thought sharpening a stick was a big breakthrough.Look, I think I've been chosen to do something great with my life----and I don't think it's hunting wild pigs and weaving baskets. Maya returns for Zed.I hope you don't think I'm interested in her.I'm just using her, Maya! It's part of my plan. I'm going to get you all out of here as soon as I can.It's a secret.And I await her. You two await me. Stay out of trouble. I'll be back. He exits with Maya.I didn't know it was so close.Looks pretty from up here, but some people think God is going to wipe them out because they're so evil.I don't really know you. But you don't look evil.Well, yeah. I think you're-- incredible.No, you're perfect. Your face, your hair-- Your eyes are like the sea.Well, it's kinda dark. I took a shot. I know they're big, though-- and wet-- She pulls him close. ZED Can I ask you one thing? What would a girl like you want with a guy like me?What are we doing here?Yes! Finally. Now you're talking! Should I enter it right here or should we go back to your bedroom? Does the Holy of Holies like to be entered from behind or--?The Gods are in there?Then why am I going in?Right-- right. Then again, if the rules say--What is it with chicks always wanting guys to break the rules? You-all have this bad boy complex---- She kisses him fiercely on the lips.I'm going in. He enters the Holy of Holies. A FIGURE darts between the columns and hides in the shadows. A beam of moonlight reveals the mark of Cain on his forehead.Thank you, O-- Merciful ones, for-- not like-- killing me, and letting me receive the, uh, blessing of your holy-- godliness. He exhales and closes his eyes again, waiting for some divine response. Nothing comes.I was just looking for the bathroom.I wish I was upside down. Looks fun. Oh won't talk to him. ZED So this is it? We're not friends anymore? After all I've done for you?I've helped you come out of your shell.Listen, I know I'm not perfect, and I may have made a few wrong turns, but you have to understand-- I'm a chosen. That's a lot of responsibility -- you can't even imagine.Oh, come on!I just want to say this is really messed up--Can I make a suggestion?Why don't you just pick one person to throw? The crowd thinks that's not a bad idea and murmurs agreement. ZED In fact, don't you think it would be fair for us to get to pick the person who stones us? Cain looks doubtful, but the crowd thinks this is eminently fair.We pick him! Cain points at a BIG GUY, heavily muscled, eagerly waving his hand.No, next to him! He points at a BOY, about nine years old and not very big.So? You got something against kids? Zed plays the crowd which starts booing in disapproval. ZED This guy hates kids!Good thinking, huh? They turn to face the boy, ready to dodge when he throws. The boy winds up and fires a major league fastball that smacks Oh right on the forehead. The crowd cheers. ZED Holy shit! That kid's got an arm!Wait! I have a question for the King! The crowd goes silent. All eyes turn and look up to the palace balcony. ZED Why didn't I die in the Holy of Holies? On the balcony, everyone is totally stopped by his question. One by one they all look to the High Priest who seems to be stumped. In the square, the crowd starts muttering. Zed seizes the initiative. ZED I entered the Holy of Holies and, lo, I did not die! Why? Because I am chosen by the Gods!Yes!Hey! Boys! Long time no see. They glance up, but ignore him. ZED Don't tell me you're still mad about Maya. That's so over. I have a thing going with the princess now-- well, almost had a thing. I'm a slave now-- just like you.Okay. We do have our differences-- like about a cup and half of brain tissue-- but that doesn't mean we can't work together. Another GUARD approaches and whacks Marlak with his stick.You know, I'd like to, but I did something to my neck-- I must've slept on it funny-- those dungeon pillows are like rocks-- well, they are rocks-- so I should probably take it easy or I'll be no damn good for work tomorrow.Okay! But I should tell you, this isn't really my area. I'm just on a break from the mud department-- The Guard draws his short sword and raises it over Zed.Okay, okay. I'm going. (to Marlak andHow high you guys think we're going with this?That's ambitious.Oh, right, the tower. Incredible erection.You're from the village, aren't you? The child nods. ZED I bet you wish you were back there right now, don't you. The child nods again. ZED Well, don't give up. You're going to get home someday. Marlak kicks Zed from behind, knocking him over.I have to get down there.Wow. Who saw that coming? Thanks, Marlak.Lower me down. Without waiting for a response, Zed bravely jumps off the top of the ziggurat holding the rope.He's descending rapidly, rappelling off the side of the ziggurat. He looks up, expecting Marlak to belay him and slow him down.I Said, 'I don't think so.'Whatever that last thing you said was.Let her go.Why don't we just sacrifice something small-- a rabbit maybe. Or a duck. That'd be good, don't you think?I'm the, uh, Chosen One, I guess, and on behalf of, well, the whole city, I want to thank the High Priest for his incredible sacrifice. That was really something, wasn't it? He starts clapping, then Oh starts clapping, and soon all the people in the square are applauding. At that moment a single drop of rain falls and hits Zed in the eye. He looks up, a few more drops, then a hard steady rain starts to fall. The people all look up in awe, then someone cheers and they all roar in celebration. Then the rain stops as suddenly as it started. The cheers die away, and confused, dissatisfied muttering begins. ZED People! Friends! Sodomites! Okay, that was a little confusing, wasn't it?That's what I've been trying to tell you. Zed and Maya, Oh and Eema stand there basking in the gratitude of the people as Inanna looks on.Well said, Marlak. You really have a way with words. They clasp hands.Not much to tell, is there? Just an average guy who saw his destiny and had the courage to defy a powerful empire. No big deal. Oh is at the front of the caravan, giving orders, but no one is listening to him. Zed joins him. ZED Everybody ready?Might head down to Egypt. I hear it's a happening kinda place.Not necessarily. You want to come?Traveling light, huh? Okay, here we go.I knew that. Just wanted to see if you did. Zed grins and they start walking, passing a small herd of sheep and goats, tended by VEILED WOMEN, going in the opposite direction. As THE LAST OF THE SHEPHERD WOMEN passes, we notice something masculine about her build and posture. Zed nods politely to her, but she averts her eyes and turns away from him.", "clean_lines": " frustrated  but hangingorange  tangerine  umm  mango  kiwi  peach  she shakes her head coyly  he starts darting from tree to tree  hopefully pointing out various options  she follows him okay  don t tell me   papaya  pomegranate  lemon  lime  kumquat  uh  cock  cockfruit watermelon  honeydew  grapes starfruit  casaba   tangelo  he doesn t even like herbecause that s the fruit we don t eat  it s forbidden because we don t  it s a rule  that s the tree of the knowledge of good and evil  you don t eat from that one  nobody ever has stop saying why not  i told you   it s a rule no   yeah   i don t know  we don t have that many rules  in fact  we only have one rule   don t eat thati m not  afraid   okay  fine  you want to try the good and evil fruit  you got it  he rips two ripe fruits from a low hanging bough and hands her one  they both stare at the fruit no way  it was your idea  you go first okay  ready  one   two   three  zed chomps down hard and takes a big bite  but maya fakes him out and stops before her teeth break the skin  zed got me  that s a good move  i m going to steal it  he starts chewing and she watches as he gets his first taste of good and evil  then his face contorts in disgust and he spits it out  zed yuchh  that s horrible  yecch  ptui  ughh  he frantically wipes the inside of his mouth with his fingers  trying to get the terrible taste out yes  i m saying it s not good  he grabs his belly as his stomach starts to cramp  then a loud bowel sound and his eyebrows shoot up  zed oh  no  do me a favor  just kill me i couldn t help myself  maya was just staring at me with those pouty eyes   and those perky breasts   opposable thumbs  and how about the name   the tree of the knowledge of good and evil   you don t think that sounds tempting  they should ve just called it  the tree with the fruit that tastes like shit   then for sure nobody would eat it  zed notices a villager squatting in the bushes right behind his dwelling  zed hey  squanto  give me a break  would ya   you got the whole forest  why does everyone have to crap right behind my hut i don t see it  i mean she s cute  but i don t think i d lay with her which was a big mistake  i see that now  you think it won t be awkward the next morning but   trust me  you just want to rip your eyeballs out  listen  if you want to impress eema  tonight at the feast  do the fertility dance with her  then drag her back to your hut so you give her a little tap on the head  women respond to that  i wouldn t read too much into that  she kisses  then tongues the spear tip  zed okay  that might mean something  the hunter marlak walks by and stops  he s clearly half a rung lower on the human evolutionary scale yes  marlak  very observant  i was indisposed  got that intestinal thing that s been going around  marlak grunts and examines the primitive line drawings on the walls of zed s hut it s a bear yeah  like you d know that   would be an antelope   or a deer   a deerpalope how could it be maya  it s just some lines on a skin your woman  i m not sure dragging her into the bushes kicking and screaming means you have an actual  thing  going  marlak cuffs him hard on the side of the head hey  nice supra orbital ridge  fartface hey  oh  did it ever occur to you that there may be more to life than this no  i m serious we re born into thisworld  we hunt  we gather  we eat we sleep  we make babies    but why  what s the point no  last night i couldn t sleep  so i just laid there looking up at the sky  counting the stars  there were over seventy  kinda makes you think  doesn t it really  i ve been thinking about it ever since i ate that fruit  don t you ever wonder what s on the other side of the mountains but what if it doesn t  what if it just goes on and on forever  or what if it s round   he picks up a roundsorry do it  man  go dance for her are you kidding  go  jackal dance  oh summons his courage  gets up and crosses to where the girls are sitting  zed makes subtle eye contact with maya  waggles his eyebrows and licks his lips  she laughs and looks away  oh starts dancing timidly right in front of eema  subtly jerking his pelvis  trying to be cool  eema just stares at him for a moment  then goes back to talking to her friends  oh looks over at zed for help  zed mimes clonking her on the head  oh picks up a wooden club and hits eema right on the noggin  however  instead of submitting  she gets really pissed  stands up and decks him with one punch excuse me  hunter coming through for your information i was in line and i just stepped out to chew some food for an elderly lady  suddenly a spear is thrust inches from his face  stopping him  it s marlak  who towers over zed  his cohort  enmebaragesi  short and stout  stands beside him oh  really  and what if i called enmebaragesi a liar calm down  i said  what if    it was a hypothetical  marlak gets right in zed s face no  you just made it harder on myself  okay  fine  you got me   gingerly moves the spearisn t that what we re talking about  maya rolls her eyes oh  that  yeah  i did eat the fruit  i was just kidding about humping maya  marlak knocks zed to the ground  the drumming stops  oh comes running over and gets between marlak and zed look  marlak  this is crazy  you re two of me  i m not gonna fight you over a girl  okay  zed starts to walk away but quickly pivots and throws a wild haymaker at marlak who easily ducks it  and it hits an unsuspecting enmebaragesi squarely in the nose  zed and let that be a lesson to your big friend  marlak grabs zed  lands two solid punches to zed s mid  section  and then clocks him with a vicious right that sends him sprawling to the ground one bite  what s the big deal i ve always had trouble with the great turtle theory   too many unexplained gaps really  how screwed  like i knew it was a rule but i m a little fuzzy on the exact details where am i supposed to go i don t want to seem ungrateful or anything  but you wouldn t happen to have any arrows  would you  an arrow zips in and sticks in the post next to his head yes  or gatherer   but there s got to be more to life than this   kinda hard to concentrate with that rhythmic drumming  fellas  the hunters keep the insistent beat  their gaze fixed on zed  zed anyways  i m going away  not because you re forcing me to   which you are   but because i choose to  yes  i ate from the tree of the knowledge of good and evil   major misunderstanding on my part   and believe me i m not recommending it unless you re interested in a very powerful laxative   but it got me thinking about some pretty heavy stuff    life questions  you know  so i m out of here  and anyone who wants to join me is welcome  he looks around the circle and sees maya  she sees marlak staring at her and averts her eyes  zedno  you don t how can you see me if i m not here okay  then tell me this   who s standing right behind you was it my speech but the speech was pretty good  right  i mean  even i was moved and i was the one speaking this is nice  out here  the two of us come on  those hunters are idiots  in an hour they ll forget the whole thing you know what we should do  you and me should kill the biggest boar ever   just huge    and take it back to the village  just to show them  and we won t let anyone else eat it  they ll have to watch us eat it oh don t move a muscle i don t know  there s two different opinions on this one  some say run  some say don t i m going to   run  he sprints off and the cougar pounces right on oh you really should put some maggots on those scratches  they look pretty deep because i honestly thought he d go for me  i thought i was doing you a favor  apparently not appreciated you didn t have to come with me  you know  i didn t ask you to come yes  that s a technique of public speaking  but i didn t ask you specifically  you chose to come  you gotta take some responsibility for that  and there s no point coming if you re just gonna keep whining about every little   cougar that attacks you  you want some or not you making your own fire you re still coming say what you want  but that was no accident  you don t see a pattern here yeah  but why  why d the cougar go for you and not me  why did you fall and i didn t  hard to believe it s all just random  think aboutyes  there  he drops to one knee and examines something in the bushes  zed they stopped here to poop  look four men  maybe five  and a child   or a small women maybe looks like they had some nuts   dried fruit   some kind of green leafy vegetable   getting painfully to hiswhat do you guys do okay  boys  that s enough  we just want to  we re not really that insulted  boys  boys  you re brothers  let s just relax and   cain uses the distraction to sneak punch abel and the fight is on  they start throwing wild punches  then clinch and wrestle each other to the ground just let them settle it  cain picks up a good size rock and strikes abel on the head with all his might  abel falls heavily to the ground and lies there  not moving  cain stands over him  breathing hard  zednothing  cain stares at abel  still inert on the ground hey  what do you mean  we   i don t want to play the blame game  but you re the one who hit him we didn t know you were going to kill him  did i say that unfortunately we already have dinner plans what are the big round things for wow  that is like the greatest invention since the vagina  cain whips the oxen and they lumber forward  oh screams as the heavy wheels roll over his feet thanks  but i m kind of staying away from fruit for the time being  zed gives cain a subtle  acquiescent nod as adam ushers them into his crude dwelling yeah  that s got to be pretty vexing  a bergmanesque gloom fills the hovel as adam muses sullenly on his sorry circumstances wow  that s kind of a downer isn t it boy  i hope not i m waiting for the punchline yeah  there you go  oh looks at seth and that s a good way to be  in fact  i m kind of surprised a pretty girl like you is sleeping alone anyway  i would ve thought guys would be lined up at the door maybe you just haven t met the right one i don t even know what that means  what does that mean  stares at her for a longwhy would they blame us look at all these people  and this stuff  oh approaches a bakery stand and stares hungrily at the bread yeah  we re gonna need money  what s money  they see a crowd at the center of the market gathered around a raised platform  slaves in shackles are lined up on the raised wooden platform while customers examine those waiting to be auctioned  the auctioneer brings up a fnuscular male slave in a loincloth  zed it s marlak  marlak s hands are bound and he s restrained by a chain attached to a thick leather collar around his neck eema  maya  the women embrace him with relief and excitement what happened  how did you get here yeah  this one looks pretty good   he starts prodding  poking and squeezing maya s arm like he s buying fruit  oh takes the opportunity to fondle eema s breasts  she punches him  zed ooh  feisty  so how does this work if we want them  the slave trader notes zed s peasant clothes you still think it s all just a coincidence  all of us here right now  at this particular place  at this particular time i m not sure yet  but i m starting to believe that everything happens for a reason  like  why did i eat the forbidden fruit what do you mean  which  omnipotent force  how many omnipotent forces could there be work with me   i m just speculating here  let s call this force  god   and let s say this  god  is controlling everything  maybe god wanted me to have the knowledge of good and evil don t you get what i m saying  what if we ve been chosen well  no offense  but it s possible that i was chosen and you all just happened to be there a chosen doesn t need to be strong  i m big this way not my face  my brain  it s enormous  i m the smartest guy in the village what   which one of us is smarter oh yeah  then why are we free and you re chained up sit tight  i m going to get you out of here  do you trust me fair enough  she gives him an encouraging hug  then zed and oh cross to cain and the slave trader i never trusted that guy it s not like i want to be a slave or anything  but this is embarrassing look  i want you to know i blame myself for everything that happened it wasn t my very first thought  but i d be lying if i said it wasn t up there shit  he leaps to his feet  looks around desperately  and sees nothing but a vast wasteland in every direction i have no idea will you stop being so negative  i got your back  man  who saved you from those lions when you were a baby  they were going to pounce  had you surrounded  took the mama lion   bam    kneed her right in the face  papa lion comes flying at me   bam    dropped an elbow  knocked his ass out yeah  because nobody else was there  you re lucky i was walking by we ve got to keep moving  i ve got you  buddy   just like always  he puts oh over his shoulder and stumbles on what do you mean  nothing  you were just going to kill him not to him  i m guessing  isaac nods gratefully what do you think i am zed and this is oh  sons of   people you wouldn t know sodom and gomorrah  never been there  but i ve heard of them i didn t know that  what kind of abomination are we talking about abominable really  tell me more we just want to know so we can avoid them abraham  i m a little worried about the city being destroyed his name is praise and love his whole graciousness  you know  abe  it s late  and we ve all had a lot to drink  and i know this whole foreskin thing sounds like a good idea now  but you may just want to sleep on it  we could always cut  em off in the morning  but if we do it now  there s just no putting it back on later to the city  i have to find maya and you re going to listen to him  you think he s more chosen than me yes  and he also wanted to give his dick a little trim you don t even know where we re going no  your dad specifically said sodom and gomorrah were evil no  i told you  that s not where we re going fine  they stand there for less than a beat  zed okay  you win  take us to sodom  isaac takes a couple of steps to the top of a rise and points off in the distance i knew it was right around here you shouldn t be smoking either where  back to the penis cutter  besides  eema and maya might be in there  you want to get them out before the city s destroyed  don t you  isaac impatiently grabs a big rock and starts banging on the door get help  tell your father i kinda get why his dad wanted to kill him  the sentries drag them through a small door cut into a corner of the city gates we re not really hebrews   the guard smacks him in the mouth  zed okay  lesson learned  no talking hey  why don t you pick on someone your own size  the sergeant drops oh and turns to zed  zed which would be difficult since there are probably very few people around who actually are your size   he smacks zed hard on the side of the head all right  honestly  you did sell us into slavery that was way less than a fortnight  half a fortnight  maybe check out that woman across the street  she s looking at us  the prostitute smiles at them as she sensuously peels a banana  then slides the whole thing unbroken into her mouth this is great  how do i look so is this it  we just walk around what kind of trouble pretty harsh  isn t it did you see that girl  i think she liked me  she looked right at me who was she why not hey  there she is  he starts edging toward the royal pavilion he makes his way to a position just below the royal pavilion and stares up at the princess inanna  she sees him looking at her but pretends not to notice what s happening what do they want a virgin for seems like a waste of a perfectly good virgin to me me  cool  we re kind of a package deal  can he come with i ll try to put in a good word for you  cain fumes as zed and oh head off with maya what do you think  ponytail or no ponytail  you know what look  first of all  we re not actually brothers   hey  you didn t let me finish  as soon as i get in there i m going to talk to somebody and get you invited  okay feels like a hair down kinda scene  don t you think maya   what are you doing here i was going to rescue you  really  in fact  we came here to find you this wasn t my idea  you know hey  you re a real girl  that is so cool yeah  you look so   gold  how s it going not bad  had a little rub and a scrub  now i m up for some grub hey  you ll never guess who s here    maya  she s working here   and she looks great  but she s kinda mad at me  oh scans the great hall looking for her and spots zed s sister eema  his crush  come into the room carrying a tray of food you  slave girl   he pulls her away fromnow go   fetch  wait by that   skinny statue  i ll deal with you later  as eema exits  zed turns to the officers and shrugs  zed slaves   what are you gonna do ouch  helpful hint  i will keep that in mind keep that up and you will okay  i know what you re thinking  but i m just checking it out  we kept hearing that this place was so evil  but now that i look around i m thinking maybe it s not all bad  there s a lot to learn here no  like the wheel  for instance  that s pretty awesome   the way it just goes around in a circle  and farming  and metal   writing  money  pottery   hot baths  come on  back in the village we thought sharpening a stick was a big breakthrough look  i think i ve been chosen to do something great with my life    and i don t think it s hunting wild pigs and weaving baskets  maya returns for zed i hope you don t think i m interested in her i m just using her  maya  it s part of my plan  i m going to get you all out of here as soon as i can it s a secret and i await her  you two await me  stay out of trouble  i ll be back  he exits with maya i didn t know it was so close looks pretty from up here  but some people think god is going to wipe them out because they re so evil i don t really know you  but you don t look evil well  yeah  i think you re   incredible no  you re perfect  your face  your hair   your eyes are like the sea well  it s kinda dark  i took a shot  i know they re big  though   and wet   she pulls him close  zed can i ask you one thing  what would a girl like you want with a guy like me what are we doing here yes  finally  now you re talking  should i enter it right here or should we go back to your bedroom  does the holy of holies like to be entered from behind or   the gods are in there then why am i going in right   right  then again  if the rules say  what is it with chicks always wanting guys to break the rules  you all have this bad boy complex     she kisses him fiercely on the lips i m going in  he enters the holy of holies  a figure darts between the columns and hides in the shadows  a beam of moonlight reveals the mark of cain on his forehead thank you  o   merciful ones  for   not like   killing me  and letting me receive the  uh  blessing of your holy   godliness  he exhales and closes his eyes again  waiting for some divine response  nothing comes i was just looking for the bathroom i wish i was upside down  looks fun  oh won t talk to him  zed so this is it  we re not friends anymore  after all i ve done for you i ve helped you come out of your shell listen  i know i m not perfect  and i may have made a few wrong turns  but you have to understand   i m a chosen  that s a lot of responsibility    you can t even imagine oh  come on i just want to say this is really messed up  can i make a suggestion why don t you just pick one person to throw  the crowd thinks that s not a bad idea and murmurs agreement  zed in fact  don t you think it would be fair for us to get to pick the person who stones us  cain looks doubtful  but the crowd thinks this is eminently fair we pick him  cain points at a big guy  heavily muscled  eagerly waving his hand no  next to him  he points at a boy  about nine years old and not very big so  you got something against kids  zed plays the crowd which starts booing in disapproval  zed this guy hates kids good thinking  huh  they turn to face the boy  ready to dodge when he throws  the boy winds up and fires a major league fastball that smacks oh right on the forehead  the crowd cheers  zed holy shit  that kid s got an arm wait  i have a question for the king  the crowd goes silent  all eyes turn and look up to the palace balcony  zed why didn t i die in the holy of holies  on the balcony  everyone is totally stopped by his question  one by one they all look to the high priest who seems to be stumped  in the square  the crowd starts muttering  zed seizes the initiative  zed i entered the holy of holies and  lo  i did not die  why  because i am chosen by the gods yes hey  boys  long time no see  they glance up  but ignore him  zed don t tell me you re still mad about maya  that s so over  i have a thing going with the princess now   well  almost had a thing  i m a slave now   just like you okay  we do have our differences   like about a cup and half of brain tissue   but that doesn t mean we can t work together  another guard approaches and whacks marlak with his stick you know  i d like to  but i did something to my neck   i must ve slept on it funny   those dungeon pillows are like rocks   well  they are rocks   so i should probably take it easy or i ll be no damn good for work tomorrow okay  but i should tell you  this isn t really my area  i m just on a break from the mud department   the guard draws his short sword and raises it over zed okay  okay  i m going   to marlak andhow high you guys think we re going with this that s ambitious oh  right  the tower  incredible erection you re from the village  aren t you  the child nods  zed i bet you wish you were back there right now  don t you  the child nods again  zed well  don t give up  you re going to get home someday  marlak kicks zed from behind  knocking him over i have to get down there wow  who saw that coming  thanks  marlak lower me down  without waiting for a response  zed bravely jumps off the top of the ziggurat holding the rope he s descending rapidly  rappelling off the side of the ziggurat  he looks up  expecting marlak to belay him and slow him down i said   i don t think so  whatever that last thing you said was let her go why don t we just sacrifice something small   a rabbit maybe  or a duck  that d be good  don t you think i m the  uh  chosen one  i guess  and on behalf of  well  the whole city  i want to thank the high priest for his incredible sacrifice  that was really something  wasn t it  he starts clapping  then oh starts clapping  and soon all the people in the square are applauding  at that moment a single drop of rain falls and hits zed in the eye  he looks up  a few more drops  then a hard steady rain starts to fall  the people all look up in awe  then someone cheers and they all roar in celebration  then the rain stops as suddenly as it started  the cheers die away  and confused  dissatisfied muttering begins  zed people  friends  sodomites  okay  that was a little confusing  wasn t it that s what i ve been trying to tell you  zed and maya  oh and eema stand there basking in the gratitude of the people as inanna looks on well said  marlak  you really have a way with words  they clasp hands not much to tell  is there  just an average guy who saw his destiny and had the courage to defy a powerful empire  no big deal  oh is at the front of the caravan  giving orders  but no one is listening to him  zed joins him  zed everybody ready might head down to egypt  i hear it s a happening kinda place not necessarily  you want to come traveling light  huh  okay  here we go i knew that  just wanted to see if you did  zed grins and they start walking  passing a small herd of sheep and goats  tended by veiled women  going in the opposite direction  as the last of the shepherd women passes  we notice something masculine about her build and posture  zed nods politely to her  but she averts her eyes and turns away from him "}, "MARLAK": {"raw_lines": "For you.You didn't hunt today.What's that supposed to be?That's not a bear. That's just some lines on a skin.That's stupid.And what's that? He picks up a skin with another of Zed's drawings on it, this one of a big-breasted naked girl. Zed quickly grabs it and holds it upside down.It looks like Maya.Stay away from my woman.Stay away.Enmebaragesi said he saw you in the garden with Maya.Enmebaragesi doesn't lie. Villagers gather around them, Maya and Eema among them. Marlak puts his spear point to Zed's throat. MARLAK The truth!Your father was a great hunter, but you're like-- a girl. The hunters laugh.Now I kill you. He's about to spear Zed when suddenly the Shaman screams and jumps between them. The villagers step back as the Shaman howls an incantation and shakes his magic rattle at Zed.Now you die. Marlak throws his spear and misses as Zed takes off running into the forest with the hunters right behind him and the whole village ablaze.I see you.Yes, I do.You're trying to trick me.You think I'm going to turn around and look, but I'm not. I'm going to gut you like a pig. He is about to plunge his knife into Zed when suddenly he is struck from behind by a heavy tree branch. He falls heavily, knocked senseless by Oh who is standing over him with the makeshift club. Zed sits up and smiles gratefully at Oh.Get away from my woman!I'll kill you! Marlak starts muscling and squirming his way through the body pile trying to get to Zed.No. You're not just like me.Who's going to take her there? The Chosen One? Marlak kicks gravel and dirt in Zed's face. Zed just lies there and takes it, feeling like he's failed everyone. Then he hears the beating of drums and trumpet fanfares coming from the temple square below.All right. Without a moment's hesitation, Marlak grabs him and tosses him off the top of the ziggurat. He screams all the way down.Now what? Zed looks around quickly, grabs the end of a long coiled rope attached to a big pulley, and hands Marlak the other end.All hail the Chosen One! With that the crowd explodes into rousing cheers. In the midst of the crowd, Abraham looks around and scowls.We'll tell stories about you around the fire.", "clean_lines": "for you you didn t hunt today what s that supposed to be that s not a bear  that s just some lines on a skin that s stupid and what s that  he picks up a skin with another of zed s drawings on it  this one of a big breasted naked girl  zed quickly grabs it and holds it upside down it looks like maya stay away from my woman stay away enmebaragesi said he saw you in the garden with maya enmebaragesi doesn t lie  villagers gather around them  maya and eema among them  marlak puts his spear point to zed s throat  marlak the truth your father was a great hunter  but you re like   a girl  the hunters laugh now i kill you  he s about to spear zed when suddenly the shaman screams and jumps between them  the villagers step back as the shaman howls an incantation and shakes his magic rattle at zed now you die  marlak throws his spear and misses as zed takes off running into the forest with the hunters right behind him and the whole village ablaze i see you yes  i do you re trying to trick me you think i m going to turn around and look  but i m not  i m going to gut you like a pig  he is about to plunge his knife into zed when suddenly he is struck from behind by a heavy tree branch  he falls heavily  knocked senseless by oh who is standing over him with the makeshift club  zed sits up and smiles gratefully at oh get away from my woman i ll kill you  marlak starts muscling and squirming his way through the body pile trying to get to zed no  you re not just like me who s going to take her there  the chosen one  marlak kicks gravel and dirt in zed s face  zed just lies there and takes it  feeling like he s failed everyone  then he hears the beating of drums and trumpet fanfares coming from the temple square below all right  without a moment s hesitation  marlak grabs him and tosses him off the top of the ziggurat  he screams all the way down now what  zed looks around quickly  grabs the end of a long coiled rope attached to a big pulley  and hands marlak the other end all hail the chosen one  with that the crowd explodes into rousing cheers  in the midst of the crowd  abraham looks around and scowls we ll tell stories about you around the fire "}, "OH": {"raw_lines": "Why did you eat that fruit? It's forbidden. Everybody knows that.I think, and I could be wrong, that all the poop makes the ground more fertile, which in turn, gives the leaves in the area a softer feel. It's a vicious circle. Oh notices a very pretty young woman, EEMA, standing near the communal fire with TWO HUNTERS. His heart leaps. OH Hi, Eema! Eema turns, sees it's him and gives him a perfunctory wave, then turns back to the hunters and says something about Oh that makes them laugh.Of course not! She's your sister! It'd be like sleeping with your mother.My hut's a mess. And what if she struggles?Okay, I think somebody's had enough.You make babies--You always get like this when you smoke. Oh takes a big toke on the pipe, chokes, and starts coughing uncontrollably.No.There's nothing on the other side of the mountains. Everybody knows that. The world just ends. You'd fall right off the edge.(tries to cheer him up Will you stop with that crazy talk? We're at a feast. You love feasts. There's women, there's boar meat, there's an assortment of berries-- there's women-- Oh looks over at Eema. Zed picks up on it.You think? They're playing the Jackal Dance. I don't do that one so well.I guess I'm with you.No, the fire. I lost everything.Can we talk about this later? Oh pulls Zed to his feet, and they sneak off into the deep woods.I don't think they'll forget the fire.If it's that huge how would we carry it back?Yeah, we'll make everyone watch us eat a squirrel. Will you get real? There's no going back! There's, nothing to go back to! It's just ashes.What are you doing? Zed makes a minimal gesture with his head. Oh looks up. A COUGAR crouches on a tree limb above them, poised to leap. Oh freezes. They talk like ventriloquists.Will that work?What are you going to do?Yeah, big favor.Yes, you did! You looked right at me-- twice.No, arrows. We're going to need them.Incredible. He takes a step forward, the rock shelf gives way beneath his feet and he falls a great distance, screaming all the way down, bouncing painfully off the big boulders, then a long, tumbling slide over sharp rocks and gravel to the bottom.I see a pattern. Every time something terrible can happen to me, it does.You think? There's about a thousand footprints here.No, thank you.Okay.Okay! Enough! Can we just go? Maybe we can find where they peed. Then Zed sees light through the trees and creeps stealthily to the tree line. Oh creeps up beside him and they peer through the bushes. THREE COWS are grazing in a green pasture. Beyond it, well- tended fields of growing grain. Zed snaps into stalking mode, ducks down and silently signals Oh to be quiet and stay put.He's a hunter. I'm more of a \"maker.\" I made this loincloth, I do arrows-- I made a shelf unit for my hut--Well, it's hard to say-- we justShouldn't we do something?Probably just tuckered out from the fight.Right! You were holding the rock and he-- accidentally ran into it-- really hard-- with his head.Oh, yeah, people could so easily misinterpret that.why don't we go with you?Hey! What about me?That's really good.Do I have to?(trying to change theCan I have one of those? He reaches for a loaf but the MERCHANT strikes his hand with a cane. OH Ow!Are you all right? Did they-- rape you?What an amazing coincidence-- running into you and Maya and them.To get laid?which omnipotent force?I don't know! What's \"omnipotent\" mean?Why would he want that?Why would God choose you? Why wouldn't he choose Marlak? He's stronger.You do have a fat face.They probably don't know how smart you think you are. Finally, a Bedouin SHEIK raises his giraffe-tail fly whisk and waves it at the slave trader.Hold on! I'm coming! Oh tries to maneuver to Zed, but can't move an inch. OH If everyone could just move to the right. Please? Thank you in advance for your cooperation. You can do it, Zed! Use his weight against him! Marlak now has Zed locked in a lethal choke hold.Their hats? I'm sorry, but when that one guy cut the other guy's head off, my first thought wasn't, \"Gee, what a great hat.\"How are we going to rescue anybody? They're killers!Now where do we go? Zed sniffs the air, puts his ear to the ground, and tastes the sand.Why do I listen to you? Now we're going to starve to death or die of thirst.You know, I've asked people about that and no one else seems to remember it.He was a small man. Oh collapses face down in the sand. Pull back to reveal that they are surrounded by hungry jackals, vultures and hyenas.Are they nice?And where exactly are those cities?--of his wealthy bounty. Abraham gets a strange faraway look in his eyes.Couldn't we could just get our ears pierced?You have any idea where we're going?The city! He said God's going to smite them with holy fire!He seemed to know what he was talking about.Gee, they're not open. We should probably come back later.Me? Why do I have to knock? What if we're waking somebody up? Let's just get out of here.Meaner than this? The sentry grabs Oh's nipple and twists. Oh SCREAMS loudly. The guards freeze at the sound of his scream and look nervously to a closed door at one end of the room.Don't have to wait 'til morning.We are so in! She's eye-knowing us like crazy.Well, I kind of have a girlfriend-- not a girlfriend, yet, but a girl I like, so I shouldn't--Sorry.You look good, but I think my hat's too big. They notice an OFFICER staring at them. OH Do you happen to know where I could get a smaller hat? The officer pops him on the head with a truncheon.You can't blame people for being hungry.Gee, I wonder why? The royal guard takes his foot off Zed's neck and they all get back to their feet.Where's everybody going?You throw the virgin in the fire so it'll rain?Can't I go with him?Hah! No? That would be weird.You've been living here since you were nine? I should look into that. How do you get to be a eunuch?I'm not supposed to talk. I'm a statue.How's it going? I just had my whole body painted by a fat guy with no balls, and believe me, he was very thorough, if you know what I mean. How's it going with you?That sounds nice-- for you.There's Eema! Eema has been beautifully groomed and is now dressed as a household slave. She stops to serve some rowdy OFFICERS who take the opportunity to tease and fondle her. She tries to pull away but Sargon, the general, grabs her arm.I haven't joined anything. Does this look like fun? They both look accusingly at Zed.What? Like human sacrifice?Here we go again--I don't know. So much has happened. Sometimes I think-- She walks away. OH I love you.I'd rather not, if you don't mind. I'm not really a slave. I'm a guard.Are those my choices?How's that?That enough?No, really! I'm just-- rubbing oil on this man. She exits.That's so-- unselfish of you.So where does that hall lead to?Wow. So who cleans it?No, of course not. Kind of makes you wonder though-- the guys who built it, did they just die the minute they finished, or did the Gods give them a second to get out?Yeah, that's probably it. So you're saying we can't go in?Seize him! The guards arrest Oh as Cain steps up and takes hold of Zed.What have you done for me? I've been attacked by a cougar, I've fallen down a mountain, I almost had the tip of my thingy cut off, I've been greasing up the High Priest all night, and now I'm hanging upside down in a dungeon. And I have to pee real bad. All because of you. You call yourself a friend? Name one good thing you've done for me.I really have to pee--And his friend! Don't forget his friend! On the balcony, the King and his ministers hastily confer with the High Priest.Okay, you think that actually makes anybody work harder? It just makes them resent you. Is that what you want?Can I just ask when lunch is? The whip lashes out again. Oh glowers at him and steps up the pace.Where're we going?Is that compulsory? Because I saw one when I first got here and it made me a little sick-- The guard's whip catches him across the back. OH Ow! Why don't you try using your words for a change?See the High Priest? I know him. Dear friend of mine.We have to do something! Somebody has to stop it. (turning to the otherHe seizes the opportunity.A sign! It's a sign! The Chosen One comes! The other slaves and people in the crowd pick up his excitement.I know him, too. Oh springs into action, attacking the big guard in front of him. The other slaves see that and start fighting with their guards, a genuine slave revolt.Hello, Eema.Eema, you're my woman! You hear me?Really? It's okay? He pulls her into an embrace and kisses her hard on the mouth. Then, out of the corner of his eye, Oh sees a guard rushing at him. Oh whirls and falls off the platform, accidentally cutting the guards legs out from under him.Then how about this? The High Priest turns to Oh. Oh is holding the big sacramental pitcher. OH More oil?Come back to the village sometime. Zed nods, they shake hands, then they embrace. Stifling a tear, Oh breaks away and whips the lead camel. OH Hee-ya! Come on. People are watching. The camel looks at him and slowly lumbers off. Oh sighs gratefully and signals the caravan to follow. As the great caravan moves off, Zed is left standing there with nothing but a long staff, and a bundle on the ground beside him to which is tied his sword, shield and helmet. Maya joins him.", "clean_lines": "why did you eat that fruit  it s forbidden  everybody knows that i think  and i could be wrong  that all the poop makes the ground more fertile  which in turn  gives the leaves in the area a softer feel  it s a vicious circle  oh notices a very pretty young woman  eema  standing near the communal fire with two hunters  his heart leaps  oh hi  eema  eema turns  sees it s him and gives him a perfunctory wave  then turns back to the hunters and says something about oh that makes them laugh of course not  she s your sister  it d be like sleeping with your mother my hut s a mess  and what if she struggles okay  i think somebody s had enough you make babies  you always get like this when you smoke  oh takes a big toke on the pipe  chokes  and starts coughing uncontrollably no there s nothing on the other side of the mountains  everybody knows that  the world just ends  you d fall right off the edge  tries to cheer him up will you stop with that crazy talk  we re at a feast  you love feasts  there s women  there s boar meat  there s an assortment of berries   there s women   oh looks over at eema  zed picks up on it you think  they re playing the jackal dance  i don t do that one so well i guess i m with you no  the fire  i lost everything can we talk about this later  oh pulls zed to his feet  and they sneak off into the deep woods i don t think they ll forget the fire if it s that huge how would we carry it back yeah  we ll make everyone watch us eat a squirrel  will you get real  there s no going back  there s  nothing to go back to  it s just ashes what are you doing  zed makes a minimal gesture with his head  oh looks up  a cougar crouches on a tree limb above them  poised to leap  oh freezes  they talk like ventriloquists will that work what are you going to do yeah  big favor yes  you did  you looked right at me   twice no  arrows  we re going to need them incredible  he takes a step forward  the rock shelf gives way beneath his feet and he falls a great distance  screaming all the way down  bouncing painfully off the big boulders  then a long  tumbling slide over sharp rocks and gravel to the bottom i see a pattern  every time something terrible can happen to me  it does you think  there s about a thousand footprints here no  thank you okay okay  enough  can we just go  maybe we can find where they peed  then zed sees light through the trees and creeps stealthily to the tree line  oh creeps up beside him and they peer through the bushes  three cows are grazing in a green pasture  beyond it  well  tended fields of growing grain  zed snaps into stalking mode  ducks down and silently signals oh to be quiet and stay put he s a hunter  i m more of a  maker   i made this loincloth  i do arrows   i made a shelf unit for my hut  well  it s hard to say   we justshouldn t we do something probably just tuckered out from the fight right  you were holding the rock and he   accidentally ran into it   really hard   with his head oh  yeah  people could so easily misinterpret that why don t we go with you hey  what about me that s really good do i have to  trying to change thecan i have one of those  he reaches for a loaf but the merchant strikes his hand with a cane  oh ow are you all right  did they   rape you what an amazing coincidence   running into you and maya and them to get laid which omnipotent force i don t know  what s  omnipotent  mean why would he want that why would god choose you  why wouldn t he choose marlak  he s stronger you do have a fat face they probably don t know how smart you think you are  finally  a bedouin sheik raises his giraffe tail fly whisk and waves it at the slave trader hold on  i m coming  oh tries to maneuver to zed  but can t move an inch  oh if everyone could just move to the right  please  thank you in advance for your cooperation  you can do it  zed  use his weight against him  marlak now has zed locked in a lethal choke hold their hats  i m sorry  but when that one guy cut the other guy s head off  my first thought wasn t   gee  what a great hat  how are we going to rescue anybody  they re killers now where do we go  zed sniffs the air  puts his ear to the ground  and tastes the sand why do i listen to you  now we re going to starve to death or die of thirst you know  i ve asked people about that and no one else seems to remember it he was a small man  oh collapses face down in the sand  pull back to reveal that they are surrounded by hungry jackals  vultures and hyenas are they nice and where exactly are those cities   of his wealthy bounty  abraham gets a strange faraway look in his eyes couldn t we could just get our ears pierced you have any idea where we re going the city  he said god s going to smite them with holy fire he seemed to know what he was talking about gee  they re not open  we should probably come back later me  why do i have to knock  what if we re waking somebody up  let s just get out of here meaner than this  the sentry grabs oh s nipple and twists  oh screams loudly  the guards freeze at the sound of his scream and look nervously to a closed door at one end of the room don t have to wait  til morning we are so in  she s eye knowing us like crazy well  i kind of have a girlfriend   not a girlfriend  yet  but a girl i like  so i shouldn t  sorry you look good  but i think my hat s too big  they notice an officer staring at them  oh do you happen to know where i could get a smaller hat  the officer pops him on the head with a truncheon you can t blame people for being hungry gee  i wonder why  the royal guard takes his foot off zed s neck and they all get back to their feet where s everybody going you throw the virgin in the fire so it ll rain can t i go with him hah  no  that would be weird you ve been living here since you were nine  i should look into that  how do you get to be a eunuch i m not supposed to talk  i m a statue how s it going  i just had my whole body painted by a fat guy with no balls  and believe me  he was very thorough  if you know what i mean  how s it going with you that sounds nice   for you there s eema  eema has been beautifully groomed and is now dressed as a household slave  she stops to serve some rowdy officers who take the opportunity to tease and fondle her  she tries to pull away but sargon  the general  grabs her arm i haven t joined anything  does this look like fun  they both look accusingly at zed what  like human sacrifice here we go again  i don t know  so much has happened  sometimes i think   she walks away  oh i love you i d rather not  if you don t mind  i m not really a slave  i m a guard are those my choices how s that that enough no  really  i m just   rubbing oil on this man  she exits that s so   unselfish of you so where does that hall lead to wow  so who cleans it no  of course not  kind of makes you wonder though   the guys who built it  did they just die the minute they finished  or did the gods give them a second to get out yeah  that s probably it  so you re saying we can t go in seize him  the guards arrest oh as cain steps up and takes hold of zed what have you done for me  i ve been attacked by a cougar  i ve fallen down a mountain  i almost had the tip of my thingy cut off  i ve been greasing up the high priest all night  and now i m hanging upside down in a dungeon  and i have to pee real bad  all because of you  you call yourself a friend  name one good thing you ve done for me i really have to pee  and his friend  don t forget his friend  on the balcony  the king and his ministers hastily confer with the high priest okay  you think that actually makes anybody work harder  it just makes them resent you  is that what you want can i just ask when lunch is  the whip lashes out again  oh glowers at him and steps up the pace where re we going is that compulsory  because i saw one when i first got here and it made me a little sick   the guard s whip catches him across the back  oh ow  why don t you try using your words for a change see the high priest  i know him  dear friend of mine we have to do something  somebody has to stop it   turning to the otherhe seizes the opportunity a sign  it s a sign  the chosen one comes  the other slaves and people in the crowd pick up his excitement i know him  too  oh springs into action  attacking the big guard in front of him  the other slaves see that and start fighting with their guards  a genuine slave revolt hello  eema eema  you re my woman  you hear me really  it s okay  he pulls her into an embrace and kisses her hard on the mouth  then  out of the corner of his eye  oh sees a guard rushing at him  oh whirls and falls off the platform  accidentally cutting the guards legs out from under him then how about this  the high priest turns to oh  oh is holding the big sacramental pitcher  oh more oil come back to the village sometime  zed nods  they shake hands  then they embrace  stifling a tear  oh breaks away and whips the lead camel  oh hee ya  come on  people are watching  the camel looks at him and slowly lumbers off  oh sighs gratefully and signals the caravan to follow  as the great caravan moves off  zed is left standing there with nothing but a long staff  and a bundle on the ground beside him to which is tied his sword  shield and helmet  maya joins him "}, "CAIN": {"raw_lines": "You are called suck.\"God looked on my sacrifice withYou think you're so superior to everyone else.Really? Let's see how good you are at getting your ass kicked.No! This smug asshole insulted you and I want him to take it back.Take it back!(turns on him sharply, still holding the bloodyHe's all right. Probably justYeah.You could've stopped me! There's two of you and only one of me.You calling me a murderer?It was an accident! Right?Okay-- yeah-- good. But it might be better if we don't mention the \"accident\" to anyone. People might get the wrong idea. Understand?I think you should come with me.They're wheels, numbskull. They make the cart roll.Hail, Father. Cain stops the cart and dismounts with Zed and Oh. CAIN Can these guys stay for supper? (off Adam's questioningAbel? Haven't seen him. I thought he was with you. You guys see him? They shake their heads and cough nervously.I think that was yesterday.That might've been Boaz---Hey, we're brothers, we argue sometimes- it's not that big a deal.It's been the same damn thing my whole life. \"Why can't you be more like Abel?\" \"Oh, your sacrifice was good, too, but Abel's was-- wow!\"Yeah, hey-- where's everybody going?I said good luck. I'm really worried about him. He turns aside and makes a goofy sarcastic face for Oh's benefit.Yeah, I am. I just have to finish toiling over here, then I'm right behind you. Adam and the others hurry off, and as soon as they're gone, Cain rushes over and starts harnessing the oxen to the cart. CAIN Now listen, I'm getting out of here, and you better come with me. I have a feeling they're going to try and blame this whole \"Abel- killing-thing\" on you.Because when they find him and his head is all bashed in, they're going to start pointing fingers, and you guys are drifters, so they'll put two and two together and that makes-- He stares expectantly at Zed and Oh. CAIN Four! It makes four! Now stop asking so many questions and hop on. We gotta get out of here! He urgently whips the oxen and they climb aboard as the cart lumbers forward.They're gaining on us! Zed and Oh look back.Hey! Come here. I think we worked something out.Wait! I know these guys!Brothers!! He embraces them. They look confused and doubtful, but relieved.You know, you guys are lucky that sergeant is a friend of mine. I let him sodomize me once right after I got here and he's been real nice to me ever since.wait a second. Do I detect a tone here?Whoa whoa whoa! Hold a grudge much? That was like a fortnight ago.Give me a break! I was dealing with the death of a close family member and I needed some space. But now I realize that you guys are like my brothers. And it's so rare to find a brother that you love. Right? He embraces them.You're gonna love Sodom. Trust me. It's crazy. This morning, I almost got a handie behind that pita stand.Hey, what happens in Sodom, stays in Sodom. He takes a jug of wine from the stall of a WINE MERCHANT. The merchant just bows obsequiously and keeps his mouth shut. CAIN You know, if you guys are staying you should join the guards. The pay's not great, but there's tons of perks. I'm telling you, it's the only way to go. Cain grabs a piece of candy from a SMALL CHILD and stuffs it in his mouth. The child starts crying, Cain kicks her in the ass and she runs away.Come on, I'll introduce you to the captain.Pretty much. We just look for troublemakers and kick the living shit out of 'em.If we see a thief or a pickpocket, we just slap him around-- maybe cut off a finger or an ear, or the tip of his nose, lower lip-- anything you can just grab and slice in one fluid motion-- then we take our share of the loot and let him go. Mostly what we worry about are activist types, rabble rousers, getting people all riled up against the King or the Temple Priests. That's death for sure.Harsh times, brother. We're in the middle of a famine. People are starving. If we don't get some rain soon, it could get ugly. Then we'll get to start kicking ass big time. He stops to flog a BEGGAR with his hand out. CAIN Beat it, you filthy beggar!Yeah, well, just remember, it's the palace that pays you, not the people.The Princess Inanna. She's totally hot, but don't even think about it.Because she's royalty and you're scum? The entire crowd starts moving in the same direction as the royal entourage.To the temple. Let's go. You have to see this.Everybody will be there.It's pretty self-explanatory.Her wish is my command.The three of us are inseparable. We're like brothers. Cain squeezes both their shoulders and gives Maya an artificial smile.Just like Abel. I oughta just bash your head in--For the crimes of blasphemy-- (the crowd grumbles itsShut up! For these and other crimes they may not actually have done yet but we're pretty sure they were thinking about, the prisoners will be stoned to death. The crowd roars as GUARDS stationed around the square pull canvas covers off big baskets of rocks and the people rush to grab stones to throw. Zed and Oh instinctively move closer to each other.Anything to say before the sentence is carried out?Him?He's just a kid!All right! All right! We'll try it. Kid! Grab a rock. The boy picks up a good-size rock. Zed turns to Oh.Okay, everybody on this side now! On the count of three! One-- two--At your service, my lady. Anytime, anywhere.Your Highness, with all due respect, those were \"Woos.\" They love you. They were \"wooing\" you. The King looks doubtfully at the hostile crowd.Just doing my duty.Tough guy, huh? You want a piece of me? Get ready to have your head bashed in!Peace--- brother. zed does a double take at the voice, shrugs, and walks off with Maya-- as a torrential rain begins to fall.", "clean_lines": "you are called suck  god looked on my sacrifice withyou think you re so superior to everyone else really  let s see how good you are at getting your ass kicked no  this smug asshole insulted you and i want him to take it back take it back  turns on him sharply  still holding the bloodyhe s all right  probably justyeah you could ve stopped me  there s two of you and only one of me you calling me a murderer it was an accident  right okay   yeah   good  but it might be better if we don t mention the  accident  to anyone  people might get the wrong idea  understand i think you should come with me they re wheels  numbskull  they make the cart roll hail  father  cain stops the cart and dismounts with zed and oh  cain can these guys stay for supper   off adam s questioningabel  haven t seen him  i thought he was with you  you guys see him  they shake their heads and cough nervously i think that was yesterday that might ve been boaz   hey  we re brothers  we argue sometimes  it s not that big a deal it s been the same damn thing my whole life   why can t you be more like abel    oh  your sacrifice was good  too  but abel s was   wow  yeah  hey   where s everybody going i said good luck  i m really worried about him  he turns aside and makes a goofy sarcastic face for oh s benefit yeah  i am  i just have to finish toiling over here  then i m right behind you  adam and the others hurry off  and as soon as they re gone  cain rushes over and starts harnessing the oxen to the cart  cain now listen  i m getting out of here  and you better come with me  i have a feeling they re going to try and blame this whole  abel  killing thing  on you because when they find him and his head is all bashed in  they re going to start pointing fingers  and you guys are drifters  so they ll put two and two together and that makes   he stares expectantly at zed and oh  cain four  it makes four  now stop asking so many questions and hop on  we gotta get out of here  he urgently whips the oxen and they climb aboard as the cart lumbers forward they re gaining on us  zed and oh look back hey  come here  i think we worked something out wait  i know these guys brothers   he embraces them  they look confused and doubtful  but relieved you know  you guys are lucky that sergeant is a friend of mine  i let him sodomize me once right after i got here and he s been real nice to me ever since wait a second  do i detect a tone here whoa whoa whoa  hold a grudge much  that was like a fortnight ago give me a break  i was dealing with the death of a close family member and i needed some space  but now i realize that you guys are like my brothers  and it s so rare to find a brother that you love  right  he embraces them you re gonna love sodom  trust me  it s crazy  this morning  i almost got a handie behind that pita stand hey  what happens in sodom  stays in sodom  he takes a jug of wine from the stall of a wine merchant  the merchant just bows obsequiously and keeps his mouth shut  cain you know  if you guys are staying you should join the guards  the pay s not great  but there s tons of perks  i m telling you  it s the only way to go  cain grabs a piece of candy from a small child and stuffs it in his mouth  the child starts crying  cain kicks her in the ass and she runs away come on  i ll introduce you to the captain pretty much  we just look for troublemakers and kick the living shit out of  em if we see a thief or a pickpocket  we just slap him around   maybe cut off a finger or an ear  or the tip of his nose  lower lip   anything you can just grab and slice in one fluid motion   then we take our share of the loot and let him go  mostly what we worry about are activist types  rabble rousers  getting people all riled up against the king or the temple priests  that s death for sure harsh times  brother  we re in the middle of a famine  people are starving  if we don t get some rain soon  it could get ugly  then we ll get to start kicking ass big time  he stops to flog a beggar with his hand out  cain beat it  you filthy beggar yeah  well  just remember  it s the palace that pays you  not the people the princess inanna  she s totally hot  but don t even think about it because she s royalty and you re scum  the entire crowd starts moving in the same direction as the royal entourage to the temple  let s go  you have to see this everybody will be there it s pretty self explanatory her wish is my command the three of us are inseparable  we re like brothers  cain squeezes both their shoulders and gives maya an artificial smile just like abel  i oughta just bash your head in  for the crimes of blasphemy    the crowd grumbles itsshut up  for these and other crimes they may not actually have done yet but we re pretty sure they were thinking about  the prisoners will be stoned to death  the crowd roars as guards stationed around the square pull canvas covers off big baskets of rocks and the people rush to grab stones to throw  zed and oh instinctively move closer to each other anything to say before the sentence is carried out him he s just a kid all right  all right  we ll try it  kid  grab a rock  the boy picks up a good size rock  zed turns to oh okay  everybody on this side now  on the count of three  one   two  at your service  my lady  anytime  anywhere your highness  with all due respect  those were  woos   they love you  they were  wooing  you  the king looks doubtfully at the hostile crowd just doing my duty tough guy  huh  you want a piece of me  get ready to have your head bashed in peace    brother  zed does a double take at the voice  shrugs  and walks off with maya   as a torrential rain begins to fall "}, "HIGH PRIEST": {"raw_lines": "O El, lord of Heaven and Earth; Baal, the Sublime; Shapash, goddess of the sun; Hadad, the storm god, over-ruling son of Dagon, the bountiful, god of grain, our earthly sustenance--We come before you in humble supplication, invoking your blessing, the sweet rain which waters our fields, enriches the harvest, fills our storehouses, makes mighty the house of Ish-ka-bi- baal and the city of Sodom-- The King nods graciously. HIGH PRIEST --and feeds us, your children, with the bounty of your grace.Accept now this humble sacrifice to the power and glory of your magnificence. He starts inspecting the Vestal Virgins, beautiful young women in diaphanous, almost transparent white gowns.For the love of the Gods and the glory of their Creation, the great dome of Heaven, the green growing Earth, we commit this maiden to your Holy Fire. Another great cheer from the crowd as they throw her into the fire.Well, the liver is streaked with gray-- that's not a favorable sign-- but the heart looks good. See how nice and red it is here. That's always a good omen.Usually it means that the sheep took very good care of itself, probably sticking to a high-fiber diet of grass and hay.Well, it could mean either a surprise visit from a former friend or sweetheart-- or that you're going on a long sea voyage! Wouldn't that be fun?Because I'm your brother?Perhaps it's not time for a new High Priest. Aaaahh! He dramatically flings his fingers out at the Prime Minister, as if wielding the power of the Gods. Nothing happens. HIGH PRIEST And let that be a warning to you. Next time, I will hurl a lightning bolt at your face.You there! Golden boy! Rub me with oil. The High Priest dismisses the young men, then stands and lets his rich outer robe fall to the floor. His chest, back and shoulders are incredibly hairy.Then maybe you'd rather I speak to your commander and have you whipped to within an inch of your life. Or perhaps I whip you myself? How would you like that?I'd say so. The High Priest lies back down. Oh looks around, finds a pitcher filled with precious oil and dribbles some on the High Priest's hairy chest.More.No! More oil! Much more, you insolent dolt! Oh pours oil liberally over his chest, back, and shoulders. HIGH PRIEST That's good. Now rub it in.Do it! Oh grimaces and starts gingerly massaging the oil into his hairy chest and shoulders. HIGH PRIEST Mmmmm, I love it. The sweet scent of precious oil. The oily-- oiliness. Eema walks by with a pitcher of wine and sees Oh massaging the High Priest. She gasps.Mnum imam. I have an idea. Why don't we go back to my place and see what's under all that paint?My life is devoted to the service of the Gods and the good of the people. I take nothing for myself. He has a huge gold ring set with precious gems on every finger, and a gold tiara on his head studded with rubies and emeralds.Yes, it is. It's just so-- lonely. Sometimes i hunger for the touch of another human being.Come, I'll show you. He takes Oh's arm and leads him down the hail toward a set of incredibly impressive doors covered with cuneiform writing and arcane religious symbols. HIGH PRIEST Behind those doors is the Holy of Holies-- the earthly domain of theit needs no cleaning.I assume they finished it, then the Gods descended.I just told you! To enter is instant death! Only I can go in and only once a year after very elaborate purification rituals and days of special prayers and offerings.Fine! Enough! I'm sorry I brought it up. Let's go. Move. Move. He shoos him down the hall.I don't-- I suppose it's possible- I'd have to examine some newWe implore the great Gods of heaven to show us a sign that we may honor your divine will and be worthy of your blessing.Yes! Well and truly, the Gods are with us-- The crowd drowns him out.Burn them! Now! He grabs Maya and starts dragging her toward the gaping mouth of the idol and the raging fire within. She struggles but is too drugged to put up much resistance. He grabs the sacramental pitcher of oil and starts sloppily anointing her. HIGH PRIESTWhat did you say?Still not getting it. Zed rolls his eyes in frustration and starts tentatively climbing down from the top of the idol. He jumps the last few feet and lands right in front of the fire, blocking the High Priest's way.Keep away!No! The Gods demand a sacrifice! And you ruined it! He wrestles Maya even closer to the fire.", "clean_lines": "o el  lord of heaven and earth  baal  the sublime  shapash  goddess of the sun  hadad  the storm god  over ruling son of dagon  the bountiful  god of grain  our earthly sustenance  we come before you in humble supplication  invoking your blessing  the sweet rain which waters our fields  enriches the harvest  fills our storehouses  makes mighty the house of ish ka bi  baal and the city of sodom   the king nods graciously  high priest   and feeds us  your children  with the bounty of your grace accept now this humble sacrifice to the power and glory of your magnificence  he starts inspecting the vestal virgins  beautiful young women in diaphanous  almost transparent white gowns for the love of the gods and the glory of their creation  the great dome of heaven  the green growing earth  we commit this maiden to your holy fire  another great cheer from the crowd as they throw her into the fire well  the liver is streaked with gray   that s not a favorable sign   but the heart looks good  see how nice and red it is here  that s always a good omen usually it means that the sheep took very good care of itself  probably sticking to a high fiber diet of grass and hay well  it could mean either a surprise visit from a former friend or sweetheart   or that you re going on a long sea voyage  wouldn t that be fun because i m your brother perhaps it s not time for a new high priest  aaaahh  he dramatically flings his fingers out at the prime minister  as if wielding the power of the gods  nothing happens  high priest and let that be a warning to you  next time  i will hurl a lightning bolt at your face you there  golden boy  rub me with oil  the high priest dismisses the young men  then stands and lets his rich outer robe fall to the floor  his chest  back and shoulders are incredibly hairy then maybe you d rather i speak to your commander and have you whipped to within an inch of your life  or perhaps i whip you myself  how would you like that i d say so  the high priest lies back down  oh looks around  finds a pitcher filled with precious oil and dribbles some on the high priest s hairy chest more no  more oil  much more  you insolent dolt  oh pours oil liberally over his chest  back  and shoulders  high priest that s good  now rub it in do it  oh grimaces and starts gingerly massaging the oil into his hairy chest and shoulders  high priest mmmmm  i love it  the sweet scent of precious oil  the oily   oiliness  eema walks by with a pitcher of wine and sees oh massaging the high priest  she gasps mnum imam  i have an idea  why don t we go back to my place and see what s under all that paint my life is devoted to the service of the gods and the good of the people  i take nothing for myself  he has a huge gold ring set with precious gems on every finger  and a gold tiara on his head studded with rubies and emeralds yes  it is  it s just so   lonely  sometimes i hunger for the touch of another human being come  i ll show you  he takes oh s arm and leads him down the hail toward a set of incredibly impressive doors covered with cuneiform writing and arcane religious symbols  high priest behind those doors is the holy of holies   the earthly domain of theit needs no cleaning i assume they finished it  then the gods descended i just told you  to enter is instant death  only i can go in and only once a year after very elaborate purification rituals and days of special prayers and offerings fine  enough  i m sorry i brought it up  let s go  move  move  he shoos him down the hall i don t   i suppose it s possible  i d have to examine some newwe implore the great gods of heaven to show us a sign that we may honor your divine will and be worthy of your blessing yes  well and truly  the gods are with us   the crowd drowns him out burn them  now  he grabs maya and starts dragging her toward the gaping mouth of the idol and the raging fire within  she struggles but is too drugged to put up much resistance  he grabs the sacramental pitcher of oil and starts sloppily anointing her  high priestwhat did you say still not getting it  zed rolls his eyes in frustration and starts tentatively climbing down from the top of the idol  he jumps the last few feet and lands right in front of the fire  blocking the high priest s way keep away no  the gods demand a sacrifice  and you ruined it  he wrestles maya even closer to the fire "}}